priority,family,dataset_name,title_en,issued,metadata_modified,formats,resource_count,first_resource_url,catalog_url
P0,"demand_buildings,energiedashboard",energiedashboard-ch-fullstande-gasspeicher-eu,energiedashboard.ch: Gas storage levels EU,2022-12-14T00:00:00,2026-03-06T05:38:53.314834,CSV,1,https://www.bfe-ogd.ch/ogd102_fuellstand_gasspeicher.csv,https://opendata.swiss/en/dataset/energiedashboard-ch-fullstande-gasspeicher-eu
P0,electricity_balance,absatz-und-stromverbrauchswerte-von-elektro-und-elektronischen-gerate-in-der-schweiz,,2022-12-21T00:00:00,2025-12-11T04:00:47.401207,CSV,3,https://www.uvek-gis.admin.ch/BFE/ogd/109/ogd109_catalog_geraetekategorien.csv,https://opendata.swiss/en/dataset/absatz-und-stromverbrauchswerte-von-elektro-und-elektronischen-gerate-in-der-schweiz
P0,electricity_balance,ruckerstattung-nach-art-15b-eng-fur-stromintensive-endverbraucher,,2017-12-12T00:00:00,2025-03-18T10:49:16.272893,SERVICE,1,https://pubdb.bfe.admin.ch/de/suche?keywords=397,https://opendata.swiss/en/dataset/ruckerstattung-nach-art-15b-eng-fur-stromintensive-endverbraucher
P0,electricity_balance,schweizerische-elektrizitatsstatistik-aufteilung-des-endverbrauchs-nach-verbrauchergruppen,,2017-12-12T00:00:00,2025-03-18T10:49:16.647688,SERVICE,1,https://pubdb.bfe.admin.ch/de/suche?keywords=400,https://opendata.swiss/en/dataset/schweizerische-elektrizitatsstatistik-aufteilung-des-endverbrauchs-nach-verbrauchergruppen
P0,electricity_balance,schweizerische-elektrizitatsstatistik-aussenhandel-der-schweiz,,2021-07-05T00:00:00,2025-03-18T10:49:17.085071,SERVICE,1,https://pubdb.bfe.admin.ch/de/suche?keywords=687,https://opendata.swiss/en/dataset/schweizerische-elektrizitatsstatistik-aussenhandel-der-schweiz
P0,electricity_balance,schweizerische-elektrizitatsstatistik-aussenhandel-der-schweiz-mit-elektrizitat-nach-landern,,2017-12-12T00:00:00,2025-03-18T10:49:17.479070,SERVICE,1,https://pubdb.bfe.admin.ch/de/suche?keywords=332,https://opendata.swiss/en/dataset/schweizerische-elektrizitatsstatistik-aussenhandel-der-schweiz-mit-elektrizitat-nach-landern
P0,electricity_balance,schweizerische-gesamtenergiestatistik-erdolbilanz-der-schweiz,,2024-12-13T00:00:00,2025-12-11T04:00:37.101441,CSV,1,https://www.uvek-gis.admin.ch/BFE/ogd/124/ogd124_erdölbilanz.csv,https://opendata.swiss/en/dataset/schweizerische-gesamtenergiestatistik-erdolbilanz-der-schweiz
P0,electricity_balance,stromlandschaft-schweiz,,2022-04-04T00:00:00,2025-12-11T04:00:39.336747,CSV,1,https://www.uvek-gis.admin.ch/BFE/ogd/85/ogd85_stromlandschaft.csv,https://opendata.swiss/en/dataset/stromlandschaft-schweiz
P0,electricity_balance,wettbewerbliche-ausschreibungen-fuer-stromeffizienzmassnahmen-gefoerderte-programme-und-projekte,,2017-12-12T00:00:00,2025-03-18T10:49:19.858917,SERVICE,1,https://pubdb.bfe.admin.ch/de/suche?keywords=396,https://opendata.swiss/en/dataset/wettbewerbliche-ausschreibungen-fuer-stromeffizienzmassnahmen-gefoerderte-programme-und-projekte
P0,electricity_balance,wochenstatistik-elektrizitatsbilanz-erzeugung-und-abgabe-elektrischer-energie-in-der-schweiz,,2017-12-12T00:00:00,2025-12-11T04:00:51.898868,"CSV,SERVICE",2,https://pubdb.bfe.admin.ch/de/suche?keywords=412,https://opendata.swiss/en/dataset/wochenstatistik-elektrizitatsbilanz-erzeugung-und-abgabe-elektrischer-energie-in-der-schweiz
P0,"electricity_balance,demand_buildings",kehrichtverbrennungsanlagen-kva,Waste incineration plants (MWI),2019-09-24T00:00:00,2026-05-22T00:51:49.914449,"HTML,OCTET,XML",7,https://data.geo.admin.ch/ch.bfe.kehrichtverbrennungsanlagen/kehrichtverbrennungsanlagen/kehrichtverbrennungsanlagen_2056.csv.zip,https://opendata.swiss/en/dataset/kehrichtverbrennungsanlagen-kva
P0,"electricity_balance,demand_buildings",schweizerische-gesamtenergiestatistik,,2017-12-12T00:00:00,2025-03-18T10:49:07.160890,SERVICE,1,https://pubdb.bfe.admin.ch/de/suche?keywords=402,https://opendata.swiss/en/dataset/schweizerische-gesamtenergiestatistik
P0,"electricity_balance,demand_buildings",schweizerische-holzenergiestatistik,,2017-01-01T00:00:00,2025-03-18T10:49:17.943850,SERVICE,1,https://pubdb.bfe.admin.ch/de/suche?keywords=403,https://opendata.swiss/en/dataset/schweizerische-holzenergiestatistik
P0,"electricity_balance,demand_buildings",schweizerische-statistik-der-erneuerbaren-energien,,2017-12-12T00:00:00,2025-03-18T10:49:20.667423,SERVICE,1,https://pubdb.bfe.admin.ch/de/suche?keywords=404,https://opendata.swiss/en/dataset/schweizerische-statistik-der-erneuerbaren-energien
P0,"electricity_balance,demand_buildings",teilstatistik-spezielle-energetische-holznutzungen-feuerungen-und-motoren-fur-erneuerbare-abfalle,,2017-12-12T00:00:00,2025-03-18T10:49:18.419928,SERVICE,1,https://pubdb.bfe.admin.ch/de/suche?keywords=408,https://opendata.swiss/en/dataset/teilstatistik-spezielle-energetische-holznutzungen-feuerungen-und-motoren-fur-erneuerbare-abfalle
P0,"electricity_balance,demand_buildings",thermische-stromproduktion-inklusive-warmekraftkopplung-wkk-in-der-schweiz,,2017-12-12T00:00:00,2025-03-18T10:49:18.962862,SERVICE,1,https://pubdb.bfe.admin.ch/de/suche?keywords=409,https://opendata.swiss/en/dataset/thermische-stromproduktion-inklusive-warmekraftkopplung-wkk-in-der-schweiz
P0,"electricity_balance,demand_buildings,energiedashboard",energiedashboard-ch-tagliche-flusse-in-die-und-aus-der-schweiz-gas,energiedashboard.ch: Daily import and export flows (Gas),2022-12-14T00:00:00,2026-03-06T05:38:54.871103,CSV,1,https://www.bfe-ogd.ch/ogd101_gas_import_export.csv,https://opendata.swiss/en/dataset/energiedashboard-ch-tagliche-flusse-in-die-und-aus-der-schweiz-gas
P0,"electricity_balance,energiedashboard",energiedashboard-ch-landesverbrauch-und-endverbrauch,energiedashboard.ch - National and final consumption,2022-12-14T00:00:00,2026-02-26T01:12:12.118171,CSV,1,https://www.bfe-ogd.ch/ogd103_stromverbrauch_swissgrid_lv_und_endv.csv,https://opendata.swiss/en/dataset/energiedashboard-ch-landesverbrauch-und-endverbrauch
P0,"electricity_balance,energiedashboard",energiedashboard-ch-modellbasiert-geschatzter-landesverbrauch,energiedashboard.ch - Model-based estimated national consumption,2022-12-14T00:00:00,2026-04-29T05:21:18.841086,CSV,1,https://www.bfe-ogd.ch/ogd103_stromverbrauch_geschaetzt_swissgrid.csv,https://opendata.swiss/en/dataset/energiedashboard-ch-modellbasiert-geschatzter-landesverbrauch
P0,"electricity_balance,energiedashboard",energiedashboard-ch-monatliche-gas-nettoimporte-vsg,energiedashboard.ch: Monthly gas net imports VSG,2023-02-03T00:00:00,2026-03-06T05:38:59.208098,CSV,1,https://www.uvek-gis.admin.ch/BFE/ogd/111/ogd111_gas_nettoimport.csv,https://opendata.swiss/en/dataset/energiedashboard-ch-monatliche-gas-nettoimporte-vsg
P0,"electricity_balance,energiedashboard",energiedashboard-ch-stromverbrauch-prognose-sdsc,energiedashboard.ch - Power consumption forecast SDSC,2023-01-11T00:00:00,2026-02-26T01:12:10.407360,CSV,1,https://www.bfe-ogd.ch/ogd110_strom_verbrauch_prognose.csv,https://opendata.swiss/en/dataset/energiedashboard-ch-stromverbrauch-prognose-sdsc
P0,"electricity_balance,ev_mobility",ladebedarf-strombedarf-fur-steckerfahrzeuge-fur-das-jahr-2035,Electricity requirements for plug-in vehicles for the year 2035,2023-12-31T00:00:00,2026-05-11T08:51:53.317836,"HTML,OCTET,XML",11,https://data.geo.admin.ch/browser/index.html#/collections/ch.bfe.ladebedarfswelt/items/ladebedarfswelt,https://opendata.swiss/en/dataset/ladebedarf-strombedarf-fur-steckerfahrzeuge-fur-das-jahr-2035
P0,"electricity_balance,pv",bezugerinnen-und-bezuger-der-einspeisevergutung-kev,,2017-12-12T00:00:00,2025-12-11T04:00:51.868539,"CSV,SERVICE",2,https://pubdb.bfe.admin.ch/de/suche?keywords=383,https://opendata.swiss/en/dataset/bezugerinnen-und-bezuger-der-einspeisevergutung-kev
P0,"electricity_balance,pv",schweizerische-elektrizitatsbilanz-jahreswerte,,2017-12-12T00:00:00,2025-12-11T04:00:31.663393,CSV,1, https://www.uvek-gis.admin.ch/BFE/ogd/32/ogd32_elektrizitaetbilanz_jahreswerte.csv,https://opendata.swiss/en/dataset/schweizerische-elektrizitatsbilanz-jahreswerte
P0,"electricity_balance,pv",schweizerische-elektrizitatsstatistik-schweizerische-elektrizitatsbilanz-monatswerte,,2017-12-12T00:00:00,2025-12-11T04:00:52.837649,"CSV,SERVICE",2,https://pubdb.bfe.admin.ch/de/suche?keywords=401,https://opendata.swiss/en/dataset/schweizerische-elektrizitatsstatistik-schweizerische-elektrizitatsbilanz-monatswerte
P0,energiedashboard,energiedashboard-ch-tagliche-flusse-in-die-und-aus-der-schweiz-strom,energiedashboard.ch: Daily import and export flows (Electricity),2022-12-14T00:00:00,2026-03-06T05:38:57.056777,CSV,1,https://www.bfe-ogd.ch/ogd107_strom_import_export.csv,https://opendata.swiss/en/dataset/energiedashboard-ch-tagliche-flusse-in-die-und-aus-der-schweiz-strom
P0,hydro_reservoir,fullungsgrad-der-speicherseen-sonntag-24h-wochenbericht-speicherinhalt,,2017-12-12T00:00:00,2026-03-30T14:28:30.058325,"CSV,SERVICE",2,https://www.uvek-gis.admin.ch/BFE/ogd/17/ogd17_fuellungsgrad_speicherseen.csv,https://opendata.swiss/en/dataset/fullungsgrad-der-speicherseen-sonntag-24h-wochenbericht-speicherinhalt
P0,hydro_reservoir,gesamte-erzeugung-und-abgabe-elektrischer-energie-in-der-schweiz,,2017-12-12T00:00:00,2025-07-24T10:23:16.174664,SERVICE,1,https://pubdb.bfe.admin.ch/de/suche?keywords=390,https://opendata.swiss/en/dataset/gesamte-erzeugung-und-abgabe-elektrischer-energie-in-der-schweiz
P0,hydro_reservoir,kleinwasserkraftpotentiale-der-schweizer-gewasser,Potential of small hydropower plants in Switzerland,2010-01-01T00:00:00,2026-05-11T08:48:56.624722,"HTML,OCTET,XML",5,https://data.geo.admin.ch/ch.bfe.kleinwasserkraftpotentiale/kleinwasserkraftpotentiale/kleinwasserkraftpotentiale_2056.gpkg.zip,https://opendata.swiss/en/dataset/kleinwasserkraftpotentiale-der-schweizer-gewasser
P0,hydro_reservoir,statistik-der-wasserkraftanlagen-wasta,Statistics on hydropower plants (WASTA),2010-01-01T00:00:00,2026-05-22T00:55:35.008040,"HTML,OCTET,XML,ZIP",8,https://data.geo.admin.ch/ch.bfe.statistik-wasserkraftanlagen/statistik-wasserkraftanlagen/statistik-wasserkraftanlagen_2056.csv.zip,https://opendata.swiss/en/dataset/statistik-der-wasserkraftanlagen-wasta
P0,hydro_reservoir,stauanlagen-unter-bundesaufsicht,Dams under federal supervision,2011-07-02T00:00:00,2026-05-22T00:51:46.038064,"HTML,OCTET,XML",7,https://wms.geo.admin.ch/?SERVICE=WMS&VERSION=1.3.0&REQUEST=GetCapabilities&lang=de,https://opendata.swiss/en/dataset/stauanlagen-unter-bundesaufsicht
P0,"hydro_reservoir,electricity_balance",karte-der-wasserkraftanlagen-der-schweiz,,2002-01-01T00:00:00,2025-12-11T04:00:41.253735,GEOTIFF,1,https://www.uvek-gis.admin.ch/BFE/ogd/120/ogd120_wasserkraftanlagen_karte.zip,https://opendata.swiss/en/dataset/karte-der-wasserkraftanlagen-der-schweiz
P0,"hydro_reservoir,pv,prices_market",referenz-marktpreise-fur-die-gleitende-marktpramie-gemass-art-30aquinquies-enfv,Reference market price for the floating market premium,2025-07-08T00:00:00,2026-04-17T06:45:04.614471,"CSV,PDF,XML",6,https://www.bfe-ogd.ch/ogd125_gmp_quartalspreise.csv,https://opendata.swiss/en/dataset/referenz-marktpreise-fur-die-gleitende-marktpramie-gemass-art-30aquinquies-enfv
P0,installed_capacity,kernkraftwerke,Nuclear Power Plants,2012-09-09T00:00:00,2026-05-22T00:55:05.291083,"HTML,OCTET,XML",7,https://data.geo.admin.ch/ch.bfe.kernkraftwerke/kernkraftwerke/kernkraftwerke_2056.csv.zip,https://opendata.swiss/en/dataset/kernkraftwerke
P0,installed_capacity,konzept-windenergie-grundlagenkarte-des-bundes-betreffend-die-hauptsachlichen-windpotenzialgebi,Wind energy concept – Swiss federal government basic map of main areas with wind-power potential,2017-06-28T00:00:00,2026-05-11T08:52:07.819966,"HTML,OCTET,XML",3,https://wms.geo.admin.ch/?SERVICE=WMS&VERSION=1.3.0&REQUEST=GetCapabilities&lang=de,https://opendata.swiss/en/dataset/konzept-windenergie-grundlagenkarte-des-bundes-betreffend-die-hauptsachlichen-windpotenzialgebi
P0,installed_capacity,sachplan-geologische-tiefenlager,Sectoral Plan Deep Geological Repositories,2011-11-30T00:00:00,2026-05-22T00:50:55.947753,"HTML,OCTET,XML",5,https://data.geo.admin.ch/ch.bfe.sachplan-geologie-tiefenlager/sachplan-geologie-tiefenlager/sachplan-geologie-tiefenlager_2056.gpkg,https://opendata.swiss/en/dataset/sachplan-geologische-tiefenlager
P0,installed_capacity,windenergieanlagen,Wind energy plants,2014-06-01T00:00:00,2026-05-22T00:51:37.835697,"HTML,OCTET,XML",8,https://wms.geo.admin.ch/?SERVICE=WMS&VERSION=1.3.0&REQUEST=GetCapabilities&lang=de,https://opendata.swiss/en/dataset/windenergieanlagen
P0,"installed_capacity,electricity_balance,pv,energiedashboard",energiedashboard-ch-stromproduktion-swissgrid,energiedashboard.ch: Electricity production Swissgrid,2022-12-14T00:00:00,2026-03-06T05:38:56.280557,CSV,1,https://www.bfe-ogd.ch/ogd104_stromproduktion_swissgrid.csv,https://opendata.swiss/en/dataset/energiedashboard-ch-stromproduktion-swissgrid
P0,"installed_capacity,pv",elektrizitatsproduktionsanlagen,Electricity production plants,2021-01-13T00:00:00,2026-05-22T00:51:56.216720,"HTML,OCTET,XML",6,https://data.geo.admin.ch/ch.bfe.elektrizitaetsproduktionsanlagen/csv/2056/ch.bfe.elektrizitaetsproduktionsanlagen.zip,https://opendata.swiss/en/dataset/elektrizitatsproduktionsanlagen
P0,"installed_capacity,pv",photovoltaik-grossanlagen-in-der-schweiz,Large-scale photovoltaic systems in Switzerland,,2026-06-04T00:51:41.348345,"HTML,OCTET,XML",6,https://data.geo.admin.ch/ch.bfe.photovoltaik-grossanlagen/csv/2056/ch.bfe.photovoltaik-grossanlagen.zip,https://opendata.swiss/en/dataset/photovoltaik-grossanlagen-in-der-schweiz
P0,"installed_capacity,pv,prices_market",preisszenarien-fur-die-einmalvergutung-von-photovoltaik-grossanlagen,,2023-08-25T00:00:00,2025-12-11T04:00:32.332714,"CSV,SERVICE",2,https://www.uvek-gis.admin.ch/BFE/ogd/121/ogd121_preisszenarien_einmalvergütung_photovoltaik_grossanlagen.csv,https://opendata.swiss/en/dataset/preisszenarien-fur-die-einmalvergutung-von-photovoltaik-grossanlagen
P0,"prices_market,energiedashboard",energiedashboard-ch-strompreis-spotmarkt-day-ahead-base,,2022-12-14T00:00:00,2026-05-19T05:40:35.506142,CSV,1,https://www.bfe-ogd.ch/ogd106_preise_strom_boerse.csv,https://opendata.swiss/en/dataset/energiedashboard-ch-strompreis-spotmarkt-day-ahead-base
P0,pv,einmalvergutung-fur-photovoltaikanlagen,One-time investment contributions for photovoltaic systems,2022-02-03T00:00:00,2025-12-11T04:00:26.602921,"CSV,SPARQL",2,https://www.uvek-gis.admin.ch/BFE/ogd/84/ogd84_einmalverguetung_fuer_photovoltaikanlagen.csv,https://opendata.swiss/en/dataset/einmalvergutung-fur-photovoltaikanlagen
P0,pv,solare-einstrahlung-auf-eine-30-nach-suden-geneigte-flache,Solar irradiation on a surface inclined 30° to the south,2024-02-15T00:00:00,2026-05-11T08:53:12.129562,"HTML,OCTET,XML",6,https://data.geo.admin.ch/ch.bfe.solarenergie-einstrahlung_30_grad/solarenergie-einstrahlung_30_grad/solarenergie-einstrahlung_30_grad_2056.gpkg.zip,https://opendata.swiss/en/dataset/solare-einstrahlung-auf-eine-30-nach-suden-geneigte-flache
P0,pv,solare-einstrahlung-auf-eine-75-nach-suden-geneigte-flache,Solar irradiation on a surface inclined 75° to the south,2024-02-15T00:00:00,2026-05-11T08:49:39.071467,"HTML,OCTET,XML",6,https://data.geo.admin.ch/ch.bfe.solarenergie-einstrahlung_75_grad/solarenergie-einstrahlung_75_grad/solarenergie-einstrahlung_75_grad_2056.gpkg.zip,https://opendata.swiss/en/dataset/solare-einstrahlung-auf-eine-75-nach-suden-geneigte-flache
P0,pv,solare-einstrahlung-auf-eine-90-nach-suden-geneigte-flache,Solar irradiation on a surface inclined 90° to the south,2024-02-15T00:00:00,2026-05-11T08:51:35.210191,"HTML,OCTET,XML",6,https://data.geo.admin.ch/ch.bfe.solarenergie-einstrahlung_90_grad/solarenergie-einstrahlung_90_grad/solarenergie-einstrahlung_90_grad_2056.gpkg.zip,https://opendata.swiss/en/dataset/solare-einstrahlung-auf-eine-90-nach-suden-geneigte-flache
P0,pv,solare-einstrahlung-auf-eine-horizontale-flache,Solar irradiation on a horizontal surface,2023-12-31T00:00:00,2026-05-11T08:52:11.864472,"HTML,OCTET,XML",6,https://data.geo.admin.ch/ch.bfe.solarenergie-einstrahlung_0_grad/solarenergie-einstrahlung_0_grad/solarenergie-einstrahlung_0_grad_2056.gpkg.zip,https://opendata.swiss/en/dataset/solare-einstrahlung-auf-eine-horizontale-flache
P0,pv,studie-winterstrom-aus-photovoltaik-produktionsprofile-aller-schweizer-gemeinden,,2019-08-21T00:00:00,2025-03-18T13:43:23.620215,CSV,12,https://s3-eu-west-1.amazonaws.com/data.geo.admin.ch/ch.bfe.solarenergie-eignung-daecher/StudieWinterstromSzenarien/csv/Szenario5_FA.zip,https://opendata.swiss/en/dataset/studie-winterstrom-aus-photovoltaik-produktionsprofile-aller-schweizer-gemeinden
P0,"pv,demand_buildings",eignung-von-hausdachern-fur-die-nutzung-von-sonnenenergie,Suitability of roofs for the use of solar energy,2015-08-27T00:00:00,2026-05-22T00:55:40.517339,"HTML,OCTET,XML",10,https://wms.geo.admin.ch/?SERVICE=WMS&VERSION=1.3.0&REQUEST=GetCapabilities&lang=de,https://opendata.swiss/en/dataset/eignung-von-hausdachern-fur-die-nutzung-von-sonnenenergie
P0,"pv,demand_buildings",eignung-von-hausfassaden-fur-die-nutzung-von-sonnenenergie,Suitability of façades for the use of solar energy,2016-10-01T00:00:00,2026-05-22T00:49:36.495789,"HTML,OCTET,XML",10,https://wms.geo.admin.ch/?SERVICE=WMS&VERSION=1.3.0&REQUEST=GetCapabilities&lang=de,https://opendata.swiss/en/dataset/eignung-von-hausfassaden-fur-die-nutzung-von-sonnenenergie
P0,"pv,demand_buildings",schweizerische-gesamtenergiestatistik-energiebilanz-der-erneuerbaren-energien-der-schweiz,,,2025-12-11T04:00:37.746268,CSV,1,https://www.uvek-gis.admin.ch/BFE/ogd/123/ogd123_Energiebilanz_erneuerbareEnergien.csv,https://opendata.swiss/en/dataset/schweizerische-gesamtenergiestatistik-energiebilanz-der-erneuerbaren-energien-der-schweiz
P0,"pv,demand_buildings",solarenergiepotenziale-der-schweizer-gemeinden,Solar energy potential of Swiss municipalities,2018-09-26T00:00:00,2025-12-11T04:00:30.390241,"CSV,JSON,XLS",3,https://www.uvek-gis.admin.ch/BFE/ogd/52/Solarenergiepotenziale_Gemeinden_Daecher_und_Fassaden.json,https://opendata.swiss/en/dataset/solarenergiepotenziale-der-schweizer-gemeinden
P0,"pv,ev_mobility,demand_buildings",verteilnetzkosten-strom,Electricity distribution grid costs,2023-07-18T00:00:00,2025-12-11T04:00:35.037896,CSV,3,https://www.uvek-gis.admin.ch/BFE/ogd/113/ogd113_kosten_netznutzung_endverbraucher.csv,https://opendata.swiss/en/dataset/verteilnetzkosten-strom
P0,"pv,prices_market",referenz-marktpreise-gemass-art-15-enfv,,2021-07-30T00:00:00,2026-04-17T06:44:51.549407,"CSV,PDF,XML",5,https://www.bfe-ogd.ch/ogd60_rmp_monatspreise.csv,https://opendata.swiss/en/dataset/referenz-marktpreise-gemass-art-15-enfv
P1,demand_buildings,2000-watt-areale,2000-Watt Sites,2014-07-01T00:00:00,2026-05-11T08:50:42.170256,"HTML,OCTET,XML",6,https://data.geo.admin.ch/ch.bfe.energiestaedte-2000watt-areale/csv/2056/ch.bfe.energiestaedte-2000watt-areale.zip,https://opendata.swiss/en/dataset/2000-watt-areale
P1,demand_buildings,anzahl-minergie-gebaude-in-gemeinden,Number of Minergie buildings per municipality,2022-04-19T00:00:00,2025-03-18T10:48:34.697133,CSV,1,https://data.geo.admin.ch/ch.bfe.minergiegebaeude/ogd/ogd91_minergiegebaeude_pro_gemeinde.csv,https://opendata.swiss/en/dataset/anzahl-minergie-gebaude-in-gemeinden
P1,demand_buildings,biogasanlagen,Biogas plants,2018-06-29T00:00:00,2026-05-22T00:54:58.205244,"HTML,OCTET,XML",6,https://wms.geo.admin.ch/?SERVICE=WMS&VERSION=1.3.0&REQUEST=GetCapabilities&lang=de,https://opendata.swiss/en/dataset/biogasanlagen
P1,demand_buildings,das-gebaudeprogramm-quelldaten-der-kantone-fur-direkte-massnahmen,,2025-11-25T00:00:00,2026-05-29T07:45:37.007577,CSV,1,https://www.bfe-ogd.ch/ogd128_GebPrograme_rohdaten_Kanton_direktmassnahmen.csv,https://opendata.swiss/en/dataset/das-gebaudeprogramm-quelldaten-der-kantone-fur-direkte-massnahmen
P1,demand_buildings,das-gebaudeprogramm-quelldaten-der-kantone-fur-indirekte-massnahmen,,,2026-05-29T07:45:45.225242,CSV,1,https://www.bfe-ogd.ch/ogd126_GebPrograme_rohdaten_Kanton_indirektmassnahmen.csv,https://opendata.swiss/en/dataset/das-gebaudeprogramm-quelldaten-der-kantone-fur-indirekte-massnahmen
P1,demand_buildings,elektrizitatsverbrauch-der-ohmschen-widerstandsheizungen-in-den-privaten-haushalten,,2017-12-12T00:00:00,2025-03-18T10:49:13.442502,SERVICE,1,https://pubdb.bfe.admin.ch/de/suche?keywords=384,https://opendata.swiss/en/dataset/elektrizitatsverbrauch-der-ohmschen-widerstandsheizungen-in-den-privaten-haushalten
P1,demand_buildings,energiebilanz-der-schweiz,overall energy statistics: Switzerland energy balance,2023-07-07T00:00:00,2025-12-11T04:00:27.437306,"CSV,SPARQL",2,https://www.uvek-gis.admin.ch/BFE/ogd/115/ogd115_gest_bilanz.csv,https://opendata.swiss/en/dataset/energiebilanz-der-schweiz
P1,demand_buildings,energiestadte,Energy cities,2014-06-30T00:00:00,2026-05-11T08:53:01.531281,"HTML,OCTET,XML",5,https://wms.geo.admin.ch/?SERVICE=WMS&VERSION=1.3.0&REQUEST=GetCapabilities&lang=de,https://opendata.swiss/en/dataset/energiestadte
P1,demand_buildings,forderprogramme-im-energiebereich,,2026-02-02T00:00:00,2026-04-29T05:21:24.286565,"CSV,JSON",2,https://www.bfe-ogd.ch/ogd_131_energy_franken.csv,https://opendata.swiss/en/dataset/forderprogramme-im-energiebereich
P1,demand_buildings,gebaudeprogramm-jahresbericht-und-jahresstatistik,,2017-12-12T00:00:00,2025-12-11T04:00:36.006229,"CSV,SERVICE,SPARQL",9,https://www.uvek-gis.admin.ch/BFE/ogd/18/ogd18_gebaeudeprogramm_auszahlungen.csv,https://opendata.swiss/en/dataset/gebaudeprogramm-jahresbericht-und-jahresstatistik
P1,demand_buildings,globalbeitrage-an-die-kantone-nach-art-15-eng-wirkungsanalyse-kantonaler-forderprogramme-ergebnisse,,2017-12-12T00:00:00,2025-03-18T10:49:07.540458,SERVICE,1,https://pubdb.bfe.admin.ch/de/suche?keywords=391,https://opendata.swiss/en/dataset/globalbeitrage-an-die-kantone-nach-art-15-eng-wirkungsanalyse-kantonaler-forderprogramme-ergebnisse
P1,demand_buildings,grundwasserwarmenutzungspotenzial,Groundwater heat utilisation potential,2023-12-31T00:00:00,2026-05-11T08:50:46.837767,"HTML,OCTET,XML",4,https://data.geo.admin.ch/ch.bfe.grundwasserwaermenutzungspotenzial/Grundwasserwaermenutzungspotenzial.gpkg,https://opendata.swiss/en/dataset/grundwasserwarmenutzungspotenzial
P1,demand_buildings,impulsberatung-erneuerbar-heizen,Heating with renewables: Detached homes and apartment blocks with up to 6 apartments,2019-08-08T00:00:00,2026-05-11T08:52:20.377946,"HTML,OCTET,XML",7,https://wms.geo.admin.ch/?SERVICE=WMS&VERSION=1.3.0&REQUEST=GetCapabilities&lang=de,https://opendata.swiss/en/dataset/impulsberatung-erneuerbar-heizen
P1,demand_buildings,impulsberatung-erneuerbar-heizen-mfh-mit-mehr-als-6-wohneinheiten,Heating with renewables: Apartment blocks with more than 6 apartments,2021-03-17T00:00:00,2026-05-11T08:49:09.351664,"HTML,OCTET,XML",6,https://wms.geo.admin.ch/?SERVICE=WMS&VERSION=1.3.0&REQUEST=GetCapabilities&lang=de,https://opendata.swiss/en/dataset/impulsberatung-erneuerbar-heizen-mfh-mit-mehr-als-6-wohneinheiten
P1,demand_buildings,markterhebung-sonnenenergie-teilstatistik-der-schweizerischen-statistik-der-erneuerbaren-energien,,2017-12-12T00:00:00,2025-03-18T10:49:15.899794,SERVICE,1,https://pubdb.bfe.admin.ch/de/suche?keywords=395,https://opendata.swiss/en/dataset/markterhebung-sonnenenergie-teilstatistik-der-schweizerischen-statistik-der-erneuerbaren-energien
P1,demand_buildings,monatliche-heizgradtage-und-kuhlgradtage-in-der-schweiz-gewichtet,,2026-02-06T00:00:00,2026-02-28T05:49:01.223300,CSV,1,https://www.bfe-ogd.ch/ogd105_heizgradtage_k%C3%BChlgradtage.csv,https://opendata.swiss/en/dataset/monatliche-heizgradtage-und-kuhlgradtage-in-der-schweiz-gewichtet
P1,demand_buildings,nachhaltiges-potenzial-der-nicht-verholzten-biomassenressourcen-fur-bioenergie-in-der-schweiz-a,Sustainable potential of non-woody biomass resources for bioenergy in Switzerland at the municipality level,2018-09-06T00:00:00,2026-05-22T00:50:38.390962,"HTML,OCTET,XML",5,https://wms.geo.admin.ch/?SERVICE=WMS&VERSION=1.3.0&REQUEST=GetCapabilities&lang=de,https://opendata.swiss/en/dataset/nachhaltiges-potenzial-der-nicht-verholzten-biomassenressourcen-fur-bioenergie-in-der-schweiz-a
P1,demand_buildings,nachhaltiges-potenzial-der-verholzten-biomassenressourcen-fur-bioenergie-in-der-schweiz-auf-gem,Sustainable potential of woody biomass resources for bioenergy in Switzerland at the municipality level,2018-09-06T00:00:00,2026-05-22T00:54:33.926268,"HTML,OCTET,XML",5,https://wms.geo.admin.ch/?SERVICE=WMS&VERSION=1.3.0&REQUEST=GetCapabilities&lang=de,https://opendata.swiss/en/dataset/nachhaltiges-potenzial-der-verholzten-biomassenressourcen-fur-bioenergie-in-der-schweiz-auf-gem
P1,demand_buildings,offentliche-energieberatungsstellen,Public energy advice services,2018-03-01T00:00:00,2026-05-11T08:52:35.699159,"HTML,OCTET,XML",5,https://wms.geo.admin.ch/?SERVICE=WMS&VERSION=1.3.0&REQUEST=GetCapabilities&lang=de,https://opendata.swiss/en/dataset/offentliche-energieberatungsstellen
P1,demand_buildings,potenzial-der-seen-und-flusse-fur-warmeentzug-und-warmeeinleitung,Potential use of lakes and rivers for heat extraction and heat discharge,2018-12-31T00:00:00,2026-05-11T08:48:52.872014,"HTML,OCTET,XML",4,https://data.geo.admin.ch/ch.bfe.waermepotential-gewaesser/waermepotential-gewaesser/waermepotential-gewaesser_2056.gpkg,https://opendata.swiss/en/dataset/potenzial-der-seen-und-flusse-fur-warmeentzug-und-warmeeinleitung
P1,demand_buildings,potenzialstudien-und-publikationen-zur-warmenutzung-aus-seen-und-grundwasser,,2022-02-16T00:00:00,2025-12-11T04:00:44.269479,CSV,1,https://www.uvek-gis.admin.ch/BFE/ogd/90/ogd90_potenzialstudien_waermenutzung.csv,https://opendata.swiss/en/dataset/potenzialstudien-und-publikationen-zur-warmenutzung-aus-seen-und-grundwasser
P1,demand_buildings,thermische-netze-nachfrage-industrie,Thermal networks: demand from industry,2013-12-31T00:00:00,2026-05-11T08:52:30.906438,"HTML,OCTET,XML",7,https://data.geo.admin.ch/ch.bfe.fernwaerme-nachfrage_industrie/fernwaerme-nachfrage_industrie/fernwaerme-nachfrage_industrie_2056.gpkg,https://opendata.swiss/en/dataset/thermische-netze-nachfrage-industrie
P1,demand_buildings,thermische-netze-nachfrage-wohn-und-dienstleistungsgebaude,Thermal networks: demand from residential and commercial buildings,2013-12-31T00:00:00,2026-05-11T08:52:48.761759,"HTML,OCTET,XML",7,https://data.geo.admin.ch/ch.bfe.fernwaerme-nachfrage_wohn_dienstleistungsgebaeude/fernwaerme-nachfrage_wohn_dienstleistungsgebaeude/fernwaerme-nachfrage_wohn_dienstleistungsgebaeude_2056.gpkg,https://opendata.swiss/en/dataset/thermische-netze-nachfrage-wohn-und-dienstleistungsgebaude
P1,demand_buildings,thermische-netze-nahwarme-fernwarme-fernkalte,"Thermal networks (local heating, district heating, district cooling)",2020-11-13T00:00:00,2026-05-11T08:51:59.624675,"HTML,OCTET,XML",6,https://wms.geo.admin.ch/?SERVICE=WMS&VERSION=1.3.0&REQUEST=GetCapabilities&lang=de,https://opendata.swiss/en/dataset/thermische-netze-nahwarme-fernwarme-fernkalte
P1,demand_buildings,thermische-netze-warme-und-kalteangebot,Potential heat recovery from wastewater treatment plants,2018-10-03T00:00:00,2026-05-11T08:51:21.060915,"HTML,OCTET,XML",7,https://data.geo.admin.ch/ch.bfe.fernwaerme-angebot/fernwaerme-angebot/fernwaerme-angebot_2056.csv.zip,https://opendata.swiss/en/dataset/thermische-netze-warme-und-kalteangebot
P1,ev_mobility,kennzahlen-offentliche-ladeinfrastruktur-elektromobilitat,Key figures about the charging infrastructure for electrical vehicles,2021-03-22T00:00:00,2026-03-19T15:57:55.887284,"CSV,JSON",2,https://www.uvek-gis.admin.ch/BFE/ogd/57/ich_tanke_strom_Kennzahlen_monatlich.csv,https://opendata.swiss/en/dataset/kennzahlen-offentliche-ladeinfrastruktur-elektromobilitat
P1,ev_mobility,ladebedarf-anzahl-allgemein-zugangliche-ladepunkte-in-der-ladewelt-bequem-fur-das-jahr-2035,Number of generally accessible charging points in the ‘Convenient’ charging world for the year 2035,2023-12-31T00:00:00,2026-05-11T08:49:02.818471,"HTML,OCTET,XML",11,https://data.geo.admin.ch/browser/index.html#/collections/ch.bfe.ladebedarfswelt/items/ladebedarfswelt,https://opendata.swiss/en/dataset/ladebedarf-anzahl-allgemein-zugangliche-ladepunkte-in-der-ladewelt-bequem-fur-das-jahr-2035
P1,ev_mobility,ladebedarf-anzahl-allgemein-zugangliche-ladepunkte-in-der-ladewelt-flexibel-fur-das-jahr-2035,Number of generally accessible charging points in the ‘Flexible’ charging world for the year 2035,2023-12-31T00:00:00,2026-05-11T08:50:58.871664,"HTML,OCTET,XML",11,https://data.geo.admin.ch/browser/index.html#/collections/ch.bfe.ladebedarfswelt/items/ladebedarfswelt,https://opendata.swiss/en/dataset/ladebedarf-anzahl-allgemein-zugangliche-ladepunkte-in-der-ladewelt-flexibel-fur-das-jahr-2035
P1,ev_mobility,ladebedarf-anzahl-allgemein-zugangliche-ladepunkte-in-der-ladewelt-geplant-fur-das-jahr-2035,Number of generally accessible charging points in the ‘Planned’ charging world for 2035,2023-12-31T00:00:00,2026-05-12T00:46:03.323157,"HTML,OCTET,XML",11,https://data.geo.admin.ch/browser/index.html#/collections/ch.bfe.ladebedarfswelt/items/ladebedarfswelt,https://opendata.swiss/en/dataset/ladebedarf-anzahl-allgemein-zugangliche-ladepunkte-in-der-ladewelt-geplant-fur-das-jahr-2035
P1,ev_mobility,ladebedarf-bestand-an-steckerfahrzeugen-fur-das-jahr-2035,Charging requirements: stock of plug-in vehicles for the year 2035,2023-12-31T00:00:00,2026-05-11T08:51:41.660806,"HTML,OCTET,XML",11,https://data.geo.admin.ch/browser/index.html#/collections/ch.bfe.ladebedarfswelt/items/ladebedarfswelt,https://opendata.swiss/en/dataset/ladebedarf-bestand-an-steckerfahrzeugen-fur-das-jahr-2035
P1,ev_mobility,ladebedarf-heimladeverfugbarkeit-in-der-ladewelt-bequem-fur-das-jahr-2035,Charging requirements: Home charging availability in the ‘Convenient’ charging world for the year 2035,2023-12-31T00:00:00,2026-05-11T08:53:25.032202,"HTML,OCTET,XML",11,https://data.geo.admin.ch/browser/index.html#/collections/ch.bfe.ladebedarfswelt/items/ladebedarfswelt,https://opendata.swiss/en/dataset/ladebedarf-heimladeverfugbarkeit-in-der-ladewelt-bequem-fur-das-jahr-2035
P1,ev_mobility,ladebedarf-heimladeverfugbarkeit-in-der-ladewelt-flexibel-fur-das-jahr-2035,Charging requirements: Home charging availability in the ‘Flexible’ charging world for the year 2035,2023-12-31T00:00:00,2026-05-11T08:49:57.572425,"HTML,OCTET,XML",11,https://data.geo.admin.ch/browser/index.html#/collections/ch.bfe.ladebedarfswelt/items/ladebedarfswelt,https://opendata.swiss/en/dataset/ladebedarf-heimladeverfugbarkeit-in-der-ladewelt-flexibel-fur-das-jahr-2035
P1,ev_mobility,ladebedarf-heimladeverfugbarkeit-in-der-ladewelt-geplant-fur-das-jahr-2035,Charging requirements: Home charging availability in the charging world ‘Planned’ for the year 2035,2023-12-31T00:00:00,2026-05-11T08:52:42.287905,"HTML,OCTET,XML",11,https://data.geo.admin.ch/browser/index.html#/collections/ch.bfe.ladebedarfswelt/items/ladebedarfswelt,https://opendata.swiss/en/dataset/ladebedarf-heimladeverfugbarkeit-in-der-ladewelt-geplant-fur-das-jahr-2035
P1,ev_mobility,ladestationen-fuer-elektroautos,Charging points for electric cars,2019-09-25T00:00:00,2025-12-11T04:00:48.921400,JSON,2,https://data.geo.admin.ch/ch.bfe.ladestellen-elektromobilitaet/data/oicp/ch.bfe.ladestellen-elektromobilitaet.json,https://opendata.swiss/en/dataset/ladestationen-fuer-elektroautos
P1,"ev_mobility,demand_buildings",ladebedarfsszenarien,Charging requirement scenarios,2024-05-06T00:00:00,2026-05-11T08:49:32.503147,OCTET,13,https://data.geo.admin.ch/ch.bfe.ladebedarfswelt/ladebedarfswelt/ladebedarfswelt-fahrzeuge_2056.gpkg,https://opendata.swiss/en/dataset/ladebedarfsszenarien
P1,prices_market,preisszenarien-fur-die-investitionsbeitrage-wasserkraft-und-biomasse,,2022-06-01T00:00:00,2025-12-11T04:00:37.664785,"CSV,SERVICE",2,https://www.uvek-gis.admin.ch/BFE/ogd/94/ogd94_preisszenarien_inv_wasserkraft_biomasse.csv,https://opendata.swiss/en/dataset/preisszenarien-fur-die-investitionsbeitrage-wasserkraft-und-biomasse
P1,prices_market,referenz-marktpreise-2015-2017-gemass-art-15-enfv-gemass-art-3b-bis-abs-2-und-3-env,,2021-07-30T00:00:00,2026-04-16T05:50:46.614345,CSV,1,https://www.bfe-ogd.ch/ogd60_rmp_2015_2017.zip,https://opendata.swiss/en/dataset/referenz-marktpreise-2015-2017-gemass-art-15-enfv-gemass-art-3b-bis-abs-2-und-3-env
P1,prices_market,referenz-marktpreise-2018-2023-gemass-art-15-enfv,,2023-10-10T00:00:00,2026-04-17T06:44:46.800481,CSV,1,https://www.bfe-ogd.ch/ogd60_rmp_2018_2023_csv.zip,https://opendata.swiss/en/dataset/referenz-marktpreise-2018-2023-gemass-art-15-enfv
P1,prices_market,referenz-marktpreisegemass-2007-2014-art-3-f-abs-3-env,,,2026-04-16T05:50:48.161913,CSV,1,https://www.bfe-ogd.ch/ogd60_rmp_2007_2014.zip,https://opendata.swiss/en/dataset/referenz-marktpreisegemass-2007-2014-art-3-f-abs-3-env
P2,grid_infrastructure,elektrische-anlagen-mit-einer-nennspannung-von-uber-36-kv,Electrical installations with a nominal voltage exceeding 36kV,2021-03-31T00:00:00,2026-05-22T00:54:52.158700,"HTML,OCTET,XML",8,https://geodienste.ch/downloads/elektrische_anlagen_ueber_36kv?data_format=gpkg,https://opendata.swiss/en/dataset/elektrische-anlagen-mit-einer-nennspannung-von-uber-36-kv
P2,grid_infrastructure,sachplan-ubertragungsleitungen-sul,Electricity Transmission Lines sectoral plan,2014-01-01T00:00:00,2026-05-11T08:50:34.732393,"HTML,OCTET,XML",5,https://data.geo.admin.ch/ch.bfe.sachplan-uebertragungsleitungen_kraft/sachplan-uebertragungsleitungen_kraft/sachplan-uebertragungsleitungen_kraft_2056.gpkg,https://opendata.swiss/en/dataset/sachplan-ubertragungsleitungen-sul
P2,grid_infrastructure,sachplan-ubertragungsleitungen-sul-anhorungen,Electricity Transmission Lines sectoral plan - consultations,2012-11-13T00:00:00,2026-05-11T08:51:03.953590,"HTML,XML",3,https://wms.geo.admin.ch/?SERVICE=WMS&VERSION=1.3.0&REQUEST=GetCapabilities&lang=de,https://opendata.swiss/en/dataset/sachplan-ubertragungsleitungen-sul-anhorungen
P3,other,abgeltung-von-einbussen-der-wasserkraftnutzung-vaew,Compensation for losses due to the use of hydraulic power (CLHPO),2011-07-01T00:00:00,2026-05-22T00:49:54.682606,"HTML,OCTET,XML",5,https://data.geo.admin.ch/ch.bfe.abgeltung-wasserkraftnutzung/abgeltung-wasserkraftnutzung/abgeltung-wasserkraftnutzung_2056.gpkg,https://opendata.swiss/en/dataset/abgeltung-von-einbussen-der-wasserkraftnutzung-vaew
P3,other,analyse-des-schweizerischen-energieverbrauchs-nach-verwendungszwecken,,2017-12-12T00:00:00,2025-03-18T10:49:12.897545,SERVICE,1,https://pubdb.bfe.admin.ch/de/suche?keywords=380,https://opendata.swiss/en/dataset/analyse-des-schweizerischen-energieverbrauchs-nach-verwendungszwecken
P3,other,angebote-der-innovationsforderung-im-energiebereich-fur-schweizer-firmen-und-forschungsinstitute,,2017-12-12T00:00:00,2025-03-18T10:49:20.267265,SERVICE,1,https://pubdb.bfe.admin.ch/de/suche?keywords=381,https://opendata.swiss/en/dataset/angebote-der-innovationsforderung-im-energiebereich-fur-schweizer-firmen-und-forschungsinstitute
P3,other,baulinien-starkstromanlagen-v2-0-oereb,Baulinien Starkstromanlagen V2.0 OeREB,2021-10-14T00:00:00,2026-05-11T08:49:48.262462,"OCTET,XML",2,https://data.geo.admin.ch/ch.bfe.baulinien-starkstromanlagen_v2_0.oereb/data.zip,https://opendata.swiss/en/dataset/baulinien-starkstromanlagen-v2-0-oereb
P3,other,beliebteste-plug-in-lnf-modelle-phev,,,2026-05-10T03:59:56.268013,CSV,1,https://www.bfe-ogd.ch/ogd93_data-models-phev_lnf.csv,https://opendata.swiss/en/dataset/beliebteste-plug-in-lnf-modelle-phev
P3,other,beliebteste-plug-in-pw-modelle-phev,,,2026-05-10T04:00:00.406990,CSV,1,https://www.bfe-ogd.ch/ogd92_data-models-phev.csv,https://opendata.swiss/en/dataset/beliebteste-plug-in-pw-modelle-phev
P3,other,beliebteste-vollelektrische-lnf-modelle-bev,,,2026-05-10T03:59:27.256322,CSV,1,https://www.bfe-ogd.ch/ogd93_data-models-bev_lnf.csv,https://opendata.swiss/en/dataset/beliebteste-vollelektrische-lnf-modelle-bev
P3,other,beliebteste-vollelektrische-pw-modelle-bev,,,2026-05-10T03:59:25.262942,CSV,1,https://www.bfe-ogd.ch/ogd92_data-models-bev.csv,https://opendata.swiss/en/dataset/beliebteste-vollelektrische-pw-modelle-bev
P3,other,berater-fur-pinch-analysen,,2025-12-02T00:00:00,2026-03-22T06:27:11.135346,CSV,1,https://www.bfe-ogd.ch/ogd130_berater_pinch_analysen.csv,https://opendata.swiss/en/dataset/berater-fur-pinch-analysen
P3,other,beteiligung-des-bfe-an-internationalen-energieforschungsprogrammen,,2017-12-12T00:00:00,2025-03-18T10:49:15.109133,SERVICE,1,https://pubdb.bfe.admin.ch/de/suche?keywords=382,https://opendata.swiss/en/dataset/beteiligung-des-bfe-an-internationalen-energieforschungsprogrammen
P3,other,cleantech-pilot-demonstrations-und-leuchtturmprojekte,Current pilot and demonstration projects of the Swiss Federal Office of Energy,2015-05-20T00:00:00,2026-05-22T00:49:47.234671,"HTML,OCTET,XML",7,https://wms.geo.admin.ch/?SERVICE=WMS&VERSION=1.3.0&REQUEST=GetCapabilities&lang=de,https://opendata.swiss/en/dataset/cleantech-pilot-demonstrations-und-leuchtturmprojekte
P3,other,durchschnittliche-co2-emissionen-nach-treibstoffart,,,2026-05-22T05:29:17.626965,CSV,1,https://www.bfe-ogd.ch/ogd92_data-ch.csv,https://opendata.swiss/en/dataset/durchschnittliche-co2-emissionen-nach-treibstoffart
P3,other,energieforschungsstatistik-efstat,,2017-12-12T00:00:00,2025-12-11T04:00:52.171922,"CSV,SERVICE,SPARQL",6,https://pubdb.bfe.admin.ch/de/suche?keywords=385,https://opendata.swiss/en/dataset/energieforschungsstatistik-efstat
P3,other,energieverbrauch-in-der-industrie-und-im-dienstleistungssektor,,2017-12-12T00:00:00,2025-03-18T10:49:13.830758,SERVICE,1,https://pubdb.bfe.admin.ch/de/suche?keywords=386,https://opendata.swiss/en/dataset/energieverbrauch-in-der-industrie-und-im-dienstleistungssektor
P3,other,erdbebengefahrdung-fur-die-schweiz-gemass-sagesser-mayer-rosa-1978-msk-intensitat-1964-fur-eine,,1978-02-16T00:00:00,2025-12-11T04:00:45.340365,GPKG,1,https://www.uvek-gis.admin.ch/BFE/ogd/114/ogd114_EarthquakeHazard1978.gpkg,https://opendata.swiss/en/dataset/erdbebengefahrdung-fur-die-schweiz-gemass-sagesser-mayer-rosa-1978-msk-intensitat-1964-fur-eine
P3,other,ex-post-analyse-des-energieverbrauchs-der-schweizerischen-haushalte-nach-bestimmungsfaktoren-und-ver,,2017-12-12T00:00:00,2025-03-18T10:49:14.740916,SERVICE,1,https://pubdb.bfe.admin.ch/de/suche?keywords=387,https://opendata.swiss/en/dataset/ex-post-analyse-des-energieverbrauchs-der-schweizerischen-haushalte-nach-bestimmungsfaktoren-und-ver
P3,other,ex-post-analyse-des-schweizerischen-energieverbrauchs-nach-bestimmungsfaktoren,,2017-12-12T00:00:00,2025-03-18T10:49:14.174646,SERVICE,1,https://pubdb.bfe.admin.ch/de/suche?keywords=388,https://opendata.swiss/en/dataset/ex-post-analyse-des-schweizerischen-energieverbrauchs-nach-bestimmungsfaktoren
P3,other,kennzahlen-alternativ-angetriebene-lnf,,,2026-05-10T03:59:11.944269,CSV,1,https://www.bfe-ogd.ch/ogd93_data-cantons_lnf.csv,https://opendata.swiss/en/dataset/kennzahlen-alternativ-angetriebene-lnf
P3,other,kennzahlen-alternativ-angetriebene-lnf-anteil-allradfahrzeuge,,,2026-05-10T03:59:18.108007,CSV,1,https://www.bfe-ogd.ch/ogd95_data_t2_lnf.csv,https://opendata.swiss/en/dataset/kennzahlen-alternativ-angetriebene-lnf-anteil-allradfahrzeuge
P3,other,kennzahlen-alternativ-angetriebene-lnf-anteil-elektrofahrzeuge,,,2026-05-10T03:59:06.116296,CSV,1,https://www.bfe-ogd.ch/ogd95_data_t6_lnf.csv,https://opendata.swiss/en/dataset/kennzahlen-alternativ-angetriebene-lnf-anteil-elektrofahrzeuge
P3,other,kennzahlen-alternativ-angetriebene-lnf-anzahl-neuer-lnf,,,2026-05-10T03:59:54.411542,CSV,1,https://www.bfe-ogd.ch/ogd95_data_t1_lnf.csv,https://opendata.swiss/en/dataset/kennzahlen-alternativ-angetriebene-lnf-anzahl-neuer-lnf
P3,other,kennzahlen-alternativ-angetriebene-lnf-durchschnittliche-co2-emissionen,,,2026-05-10T03:59:16.137289,CSV,1,https://www.bfe-ogd.ch/ogd95_data_t4_lnf.csv,https://opendata.swiss/en/dataset/kennzahlen-alternativ-angetriebene-lnf-durchschnittliche-co2-emissionen
P3,other,kennzahlen-alternativ-angetriebene-lnf-durchschnittlicher-treibstoffverbrauch,,,2026-05-10T03:58:57.621311,CSV,1,https://www.bfe-ogd.ch/ogd95_data_t3_lnf.csv,https://opendata.swiss/en/dataset/kennzahlen-alternativ-angetriebene-lnf-durchschnittlicher-treibstoffverbrauch
P3,other,kennzahlen-alternativ-angetriebene-lnf-durchschnittliches-leergewicht,,,2026-05-10T03:59:20.020578,CSV,1,https://www.bfe-ogd.ch/ogd95_data_t5_lnf.csv,https://opendata.swiss/en/dataset/kennzahlen-alternativ-angetriebene-lnf-durchschnittliches-leergewicht
P3,other,kennzahlen-alternativ-angetriebene-pw,,,2026-05-10T03:58:55.670625,CSV,1,https://www.bfe-ogd.ch/ogd92_data-cantons.csv,https://opendata.swiss/en/dataset/kennzahlen-alternativ-angetriebene-pw
P3,other,kennzahlen-alternativ-angetriebene-pw-anteil-allradfahrzeuge,,,2026-05-10T03:59:04.207015,CSV,1,https://www.bfe-ogd.ch/ogd21_data_t2.csv,https://opendata.swiss/en/dataset/kennzahlen-alternativ-angetriebene-pw-anteil-allradfahrzeuge
P3,other,kennzahlen-alternativ-angetriebene-pw-anteil-elektrofahrzeuge,,,2026-05-10T03:59:10.010695,CSV,1,https://www.bfe-ogd.ch/ogd21_data_t6.csv,https://opendata.swiss/en/dataset/kennzahlen-alternativ-angetriebene-pw-anteil-elektrofahrzeuge
P3,other,kennzahlen-alternativ-angetriebene-pw-anzahl-neuer-personenwagen,,,2026-05-10T04:00:10.606659,CSV,1,https://www.bfe-ogd.ch/ogd21_data_t1.csv,https://opendata.swiss/en/dataset/kennzahlen-alternativ-angetriebene-pw-anzahl-neuer-personenwagen
P3,other,kennzahlen-alternativ-angetriebene-pw-durchschnittliche-co2-emissionen,,,2026-05-10T03:59:08.019085,CSV,1,https://www.bfe-ogd.ch/ogd21_data_t4.csv,https://opendata.swiss/en/dataset/kennzahlen-alternativ-angetriebene-pw-durchschnittliche-co2-emissionen
P3,other,kennzahlen-alternativ-angetriebene-pw-durchschnittliche-fahrzeugpreise,,,2026-05-10T03:59:58.126667,CSV,1,https://www.bfe-ogd.ch/ogd21_data_t7.csv,https://opendata.swiss/en/dataset/kennzahlen-alternativ-angetriebene-pw-durchschnittliche-fahrzeugpreise
P3,other,kennzahlen-alternativ-angetriebene-pw-durchschnittlicher-treibstoffverbrauch,,,2026-05-10T03:59:30.943035,CSV,1,https://www.bfe-ogd.ch/ogd21_data_t3.csv,https://opendata.swiss/en/dataset/kennzahlen-alternativ-angetriebene-pw-durchschnittlicher-treibstoffverbrauch
P3,other,kennzahlen-alternativ-angetriebene-pw-durchschnittliches-leergewicht,,,2026-05-10T03:59:14.248445,CSV,1,https://www.bfe-ogd.ch/ogd21_data_t5.csv,https://opendata.swiss/en/dataset/kennzahlen-alternativ-angetriebene-pw-durchschnittliches-leergewicht
P3,other,kontrollen-energieetiketten-und-mindestanforderungen-bei-elektrogeraten-in-der-schweiz,,2017-12-12T00:00:00,2025-03-18T10:49:15.481879,SERVICE,1,https://pubdb.bfe.admin.ch/de/suche?keywords=393,https://opendata.swiss/en/dataset/kontrollen-energieetiketten-und-mindestanforderungen-bei-elektrogeraten-in-der-schweiz
P3,other,lage-und-angrenzende-bereiche-gemass-storfallverordnung-im-bereich-rohrleitungsanlagen,Location and adjoining areas of pipeline systems according to the Ordnance on Protection against Major Accidents,2018-09-25T00:00:00,2026-05-11T08:51:47.041458,"HTML,OCTET,XML",4,https://wms.geo.admin.ch/?SERVICE=WMS&VERSION=1.3.0&REQUEST=GetCapabilities&lang=de,https://opendata.swiss/en/dataset/lage-und-angrenzende-bereiche-gemass-storfallverordnung-im-bereich-rohrleitungsanlagen
P3,other,licht-markt-schweiz,,2017-12-12T00:00:00,2025-12-11T04:00:52.217445,"CSV,SERVICE",3,https://pubdb.bfe.admin.ch/de/suche?keywords=394,https://opendata.swiss/en/dataset/licht-markt-schweiz
P3,other,monatliche-heizgradtage-in-der-schweiz-gewichtet,,2022-11-30T00:00:00,2026-02-06T10:48:24.279723,CSV,1,https://www.uvek-gis.admin.ch/BFE/ogd/105/ogd105_heizgradtage.csv,https://opendata.swiss/en/dataset/monatliche-heizgradtage-in-der-schweiz-gewichtet
P3,other,projektierungszonen-starkstromanlagen-v2-0-oereb,Projektierungszonen Starkstromanlagen V2.0 OeREB,2021-10-14T00:00:00,2026-05-11T08:50:38.016614,"OCTET,XML",2,https://data.geo.admin.ch/ch.bfe.projektierungszonen-starkstromanlagen_v2_0.oereb/data.zip,https://opendata.swiss/en/dataset/projektierungszonen-starkstromanlagen-v2-0-oereb
P3,other,publikationen-des-bundesamtes-fur-energie-und-des-programms-energieschweiz,,2022-10-31T00:00:00,2025-12-11T04:00:32.464821,CSV,1,https://www.uvek-gis.admin.ch/BFE/ogd/98/ogd98_publikationen.csv,https://opendata.swiss/en/dataset/publikationen-des-bundesamtes-fur-energie-und-des-programms-energieschweiz
P3,other,schweizer-kernmaterialbestande-im-ausland,,2017-12-12T00:00:00,2025-12-11T04:00:40.986936,"CSV,JSON,SERVICE",3,https://pubdb.bfe.admin.ch/de/suche?keywords=398,https://opendata.swiss/en/dataset/schweizer-kernmaterialbestande-im-ausland
P3,other,stand-der-energiepolitik-in-den-kantonen,,2017-12-12T00:00:00,2025-12-11T04:00:52.758177,"CSV,JSON,SERVICE",3,https://pubdb.bfe.admin.ch/de/suche?keywords=405,https://opendata.swiss/en/dataset/stand-der-energiepolitik-in-den-kantonen
P3,other,standorte-und-verfugbarkeit-von-shared-mobility-angeboten,Locations and availability of shared mobility services in real time,2020-12-09T00:00:00,2026-05-11T08:49:51.567057,"HTML,OCTET,XML",4,https://sharedmobility.ch/gbfs.json,https://opendata.swiss/en/dataset/standorte-und-verfugbarkeit-von-shared-mobility-angeboten
P3,other,verkaufszahlenbasierte-energieeffizienzanalyse-von-elektrogeraten,,2017-12-12T00:00:00,2025-03-18T10:49:19.361894,SERVICE,1,https://pubdb.bfe.admin.ch/de/suche?keywords=410,https://opendata.swiss/en/dataset/verkaufszahlenbasierte-energieeffizienzanalyse-von-elektrogeraten
P3,other,vollzugsresultate-der-co2-emissionsvorschriften-fur-lieferwagen-und-leichte-sattelschlepper,,,2026-06-03T05:21:15.981289,CSV,1,https://www.bfe-ogd.ch/ogd61_vollzugsresultate_lnf.csv,https://opendata.swiss/en/dataset/vollzugsresultate-der-co2-emissionsvorschriften-fur-lieferwagen-und-leichte-sattelschlepper
P3,other,vollzugsresultate-der-co2-emissionsvorschriften-fur-personenwagen,,,2026-06-09T05:24:11.601061,CSV,1,https://www.bfe-ogd.ch/ogd47_vollzugsresultate_pw.csv,https://opendata.swiss/en/dataset/vollzugsresultate-der-co2-emissionsvorschriften-fur-personenwagen
P3,other,windatlas-schweiz-haufigkeit-meteorologischer-vereisung-in-100-m-hohe-uber-grund,Wind Atlas of Switzerland: Frequency of meteorological icing at 100 metres above the ground,2010-05-31T00:00:00,2026-05-11T08:52:04.309972,"HTML,OCTET,XML",5,https://wms.geo.admin.ch/?SERVICE=WMS&VERSION=1.3.0&REQUEST=GetCapabilities&lang=de,https://opendata.swiss/en/dataset/windatlas-schweiz-haufigkeit-meteorologischer-vereisung-in-100-m-hohe-uber-grund
P3,other,windatlas-schweiz-jahresmittel-der-modellierten-windgeschwindigkeit-und-windrichtung-in-100-m-h,Wind Atlas of Switzerland: Annual average of the modelled wind speed and direction at a height of 100 metres above the ground,2016-02-25T00:00:00,2026-05-11T08:52:25.358476,"HTML,OCTET,XML",6,https://wms.geo.admin.ch/?SERVICE=WMS&VERSION=1.3.0&REQUEST=GetCapabilities&lang=de,https://opendata.swiss/en/dataset/windatlas-schweiz-jahresmittel-der-modellierten-windgeschwindigkeit-und-windrichtung-in-100-m-h
P3,other,windatlas-schweiz-jahresmittel-der-modellierten-windgeschwindigkeit-und-windrichtung-in-125-m-h,Wind Atlas of Switzerland: Annual average of the modelled wind speed and direction at a height of 125 metres above the ground,2016-02-25T00:00:00,2026-05-11T08:50:23.615964,"HTML,OCTET,XML",6,https://wms.geo.admin.ch/?SERVICE=WMS&VERSION=1.3.0&REQUEST=GetCapabilities&lang=de,https://opendata.swiss/en/dataset/windatlas-schweiz-jahresmittel-der-modellierten-windgeschwindigkeit-und-windrichtung-in-125-m-h
P3,other,windatlas-schweiz-jahresmittel-der-modellierten-windgeschwindigkeit-und-windrichtung-in-150-m-h,Wind Atlas of Switzerland: Annual average of the modelled wind speed and direction at a height of 150 metres above the ground,2016-02-25T00:00:00,2026-05-11T08:51:30.249692,"HTML,OCTET,XML",6,https://wms.geo.admin.ch/?SERVICE=WMS&VERSION=1.3.0&REQUEST=GetCapabilities&lang=de,https://opendata.swiss/en/dataset/windatlas-schweiz-jahresmittel-der-modellierten-windgeschwindigkeit-und-windrichtung-in-150-m-h
P3,other,windatlas-schweiz-jahresmittel-der-modellierten-windgeschwindigkeit-und-windrichtung-in-50-m-ho,Wind Atlas of Switzerland: Annual average of the modelled wind speed and direction at a height of 50 metres above the ground,2016-02-25T00:00:00,2026-05-11T08:53:17.718811,"HTML,OCTET,XML",6,https://wms.geo.admin.ch/?SERVICE=WMS&VERSION=1.3.0&REQUEST=GetCapabilities&lang=de,https://opendata.swiss/en/dataset/windatlas-schweiz-jahresmittel-der-modellierten-windgeschwindigkeit-und-windrichtung-in-50-m-ho
P3,other,windatlas-schweiz-jahresmittel-der-modellierten-windgeschwindigkeit-und-windrichtung-in-75-m-ho,Wind Atlas of Switzerland: Annual average of the modelled wind speed and direction at a height of 75 metres above the ground,2016-02-25T00:00:00,2026-05-11T08:49:24.966293,"HTML,OCTET,XML",6,https://wms.geo.admin.ch/?SERVICE=WMS&VERSION=1.3.0&REQUEST=GetCapabilities&lang=de,https://opendata.swiss/en/dataset/windatlas-schweiz-jahresmittel-der-modellierten-windgeschwindigkeit-und-windrichtung-in-75-m-ho
