date,hour,price_lear,price_p10,price_p90,n_windows,mlp_used,fm_used,fm_raw_price,timestamp,days_ahead
2026-03-28,0,142.73845629643444,127.02257956869789,140.89920600350723,5,True,True,142.0815887451172,2026-03-27 23:00:00+00:00,1
2026-03-28,1,139.91642858148825,131.10519741268692,141.6065172678689,5,True,True,139.89085388183594,2026-03-28 00:00:00+00:00,1
2026-03-28,2,139.29921657882795,123.15425483640007,121.07743529953541,5,True,True,138.580810546875,2026-03-28 01:00:00+00:00,1
2026-03-28,3,138.68560744646038,112.97655297651613,129.58114197691177,5,True,True,139.27969360351562,2026-03-28 02:00:00+00:00,1
2026-03-28,4,136.34643047361743,119.17298811025177,129.22362539854961,5,True,True,141.893310546875,2026-03-28 03:00:00+00:00,1
2026-03-28,5,141.80556514116643,119.98961629147078,135.2356821572335,5,True,True,147.5791473388672,2026-03-28 04:00:00+00:00,1
2026-03-28,6,144.11147242231823,134.95126659214003,170.3713051135408,5,True,True,150.04322814941406,2026-03-28 05:00:00+00:00,1
2026-03-28,7,148.81581493741314,119.17214880854453,132.18135524710075,5,True,True,147.38287353515625,2026-03-28 06:00:00+00:00,1
2026-03-28,8,143.3841641259495,117.74915811614599,142.4696854240266,5,True,True,143.5869140625,2026-03-28 07:00:00+00:00,1
2026-03-28,9,137.2613980140191,107.63627795945314,143.80907783420582,5,True,True,139.0773468017578,2026-03-28 08:00:00+00:00,1
2026-03-28,10,125.46484358639985,94.55033143497016,137.8688019462928,5,True,True,134.32565307617188,2026-03-28 09:00:00+00:00,1
2026-03-28,11,109.96219773707071,75.71583323361051,139.51157770136098,5,True,True,129.06036376953125,2026-03-28 10:00:00+00:00,1
2026-03-28,12,98.21582712614533,43.63643410681688,124.47982445830498,5,True,True,129.25050354003906,2026-03-28 11:00:00+00:00,1
2026-03-28,13,102.73789278374417,65.15883257945237,118.37137379891729,5,True,True,131.65652465820312,2026-03-28 12:00:00+00:00,1
2026-03-28,14,100.97303899187592,52.371794524361746,135.84506999543785,5,True,True,136.6898651123047,2026-03-28 13:00:00+00:00,1
2026-03-28,15,125.00008276085796,94.2472462470624,138.57701760283172,5,True,True,140.8965606689453,2026-03-28 14:00:00+00:00,1
2026-03-28,16,140.64160856001644,116.23594412808212,142.10060850650882,5,True,True,146.98521423339844,2026-03-28 15:00:00+00:00,1
2026-03-28,17,152.79657911424346,128.01046039855174,177.91548029332836,5,True,True,151.33444213867188,2026-03-28 16:00:00+00:00,1
2026-03-28,18,154.46653784255975,133.21602288375186,160.7210427031619,5,True,True,152.39756774902344,2026-03-28 17:00:00+00:00,1
2026-03-28,19,154.94443208382768,143.37346408955818,195.42770459912555,5,True,True,146.91934204101562,2026-03-28 18:00:00+00:00,1
2026-03-28,20,142.85335430895748,133.6798621888045,149.92493952709995,5,True,True,143.62228393554688,2026-03-28 19:00:00+00:00,1
2026-03-28,21,141.52520852845325,126.42286413831124,142.31638093394105,5,True,True,141.0238037109375,2026-03-28 20:00:00+00:00,1
2026-03-28,22,139.91512191411584,127.31368584867329,151.63956361921925,5,True,True,139.4397735595703,2026-03-28 21:00:00+00:00,1
2026-03-28,23,135.11160829424293,120.46489194779494,140.49105523075903,5,True,True,138.56471252441406,2026-03-28 22:00:00+00:00,1
2026-03-29,0,140.35158674501255,128.18619346552242,147.42065960441818,5,True,True,138.0035858154297,2026-03-28 23:00:00+00:00,2
2026-03-29,1,139.41509704416632,139.43834766405467,159.85675476669718,5,True,True,136.66482543945312,2026-03-29 00:00:00+00:00,2
2026-03-29,2,138.70012313945887,118.32264192489158,137.37504391290454,5,True,True,135.7686767578125,2026-03-29 01:00:00+00:00,2
2026-03-29,3,140.02330960611414,117.12091242973531,140.2813164378046,5,True,True,135.7752685546875,2026-03-29 01:00:00+00:00,2
2026-03-29,4,136.41633657266334,122.46605227722924,146.73154022307867,5,True,True,136.6310577392578,2026-03-29 02:00:00+00:00,2
2026-03-29,5,139.53547217614414,126.6710748820814,154.74033042224985,5,True,True,139.16839599609375,2026-03-29 03:00:00+00:00,2
2026-03-29,6,141.295004024182,134.8082587406742,174.2726371422325,5,True,True,140.4940185546875,2026-03-29 04:00:00+00:00,2
2026-03-29,7,136.7758702100149,114.9568702777702,135.86889466562104,5,True,True,136.1458740234375,2026-03-29 05:00:00+00:00,2
2026-03-29,8,133.41094008372252,116.19355949543183,147.50176161685874,5,True,True,129.8734130859375,2026-03-29 06:00:00+00:00,2
2026-03-29,9,129.38611552822496,106.87718397676647,139.62738203300952,5,True,True,117.7868423461914,2026-03-29 07:00:00+00:00,2
2026-03-29,10,116.08190398621727,91.19734632842234,138.57814433000308,5,True,True,101.77934265136719,2026-03-29 08:00:00+00:00,2
2026-03-29,11,98.8452595388234,93.49052674970261,137.34096177860613,5,True,True,90.19290161132812,2026-03-29 09:00:00+00:00,2
2026-03-29,12,85.27823804117253,54.93860480999236,127.92627199533428,5,True,True,88.33820343017578,2026-03-29 10:00:00+00:00,2
2026-03-29,13,88.83986028930977,77.8137363201975,121.92290366408491,5,True,True,97.62469482421875,2026-03-29 11:00:00+00:00,2
2026-03-29,14,90.34974735235784,62.02007522966216,141.09847757035305,5,True,True,115.25468444824219,2026-03-29 12:00:00+00:00,2
2026-03-29,15,122.83583308569084,100.54711729957307,137.4102337458006,5,True,True,132.26022338867188,2026-03-29 13:00:00+00:00,2
2026-03-29,16,138.15430512602765,116.18650199261887,142.73412274520857,5,True,True,144.6816864013672,2026-03-29 14:00:00+00:00,2
2026-03-29,17,150.25705475845706,128.97531033591292,206.33229919871906,5,True,True,149.59178161621094,2026-03-29 15:00:00+00:00,2
2026-03-29,18,148.72814266164414,128.93989040672312,166.64581706627206,5,True,True,149.08584594726562,2026-03-29 16:00:00+00:00,2
2026-03-29,19,150.4263178598269,136.16081161199727,190.38773522388666,5,True,True,146.14755249023438,2026-03-29 17:00:00+00:00,2
2026-03-29,20,139.09526811395713,129.47224528584087,149.45738153778115,5,True,True,142.428466796875,2026-03-29 18:00:00+00:00,2
2026-03-29,21,136.84102581078284,117.5259769547001,142.20721074193463,5,True,True,138.3006591796875,2026-03-29 19:00:00+00:00,2
2026-03-29,22,135.92145304065605,122.36391301811969,158.55588623380797,5,True,True,136.78298950195312,2026-03-29 20:00:00+00:00,2
2026-03-29,23,132.17450557835127,111.41539532557985,140.9118415948424,5,True,True,137.381591796875,2026-03-29 21:00:00+00:00,2
2026-03-30,0,133.83106241527412,127.09419082035662,141.91460759672646,5,True,True,135.341552734375,2026-03-29 22:00:00+00:00,3
2026-03-30,1,136.51869706977448,145.55232582607815,154.77627590805488,5,True,True,133.88681030273438,2026-03-29 23:00:00+00:00,3
2026-03-30,2,135.65583354810005,125.40272856284015,130.95213531749158,5,True,True,133.21673583984375,2026-03-30 00:00:00+00:00,3
2026-03-30,3,135.38651530168096,115.09665585264467,135.3172716444039,5,True,True,132.7379150390625,2026-03-30 01:00:00+00:00,3
2026-03-30,4,133.29692796777073,126.72914823175635,141.61923681298887,5,True,True,134.72914123535156,2026-03-30 02:00:00+00:00,3
2026-03-30,5,138.71565291715524,139.22739836051124,172.57558330999728,5,True,True,133.91357421875,2026-03-30 03:00:00+00:00,3
2026-03-30,6,150.72534561581438,166.68337940007444,253.11732033455775,5,True,True,131.35621643066406,2026-03-30 04:00:00+00:00,3
2026-03-30,7,154.5357373301105,142.031338934158,170.9969835943735,5,True,True,123.57991790771484,2026-03-30 05:00:00+00:00,3
2026-03-30,8,142.60049482931996,147.67118125383325,192.52458381360162,5,True,True,109.21420288085938,2026-03-30 06:00:00+00:00,3
2026-03-30,9,136.960076217667,132.4026143018665,171.73412877302616,5,True,True,89.01141357421875,2026-03-30 07:00:00+00:00,3
2026-03-30,10,118.22189520397092,111.9217061135584,156.87401052817313,5,True,True,59.1114616394043,2026-03-30 08:00:00+00:00,3
2026-03-30,11,105.92634318702663,123.95654967529941,162.49008544617732,5,True,True,40.24210739135742,2026-03-30 09:00:00+00:00,3
2026-03-30,12,96.00506024188873,62.961739658929645,148.4740152891586,5,True,True,36.42121887207031,2026-03-30 10:00:00+00:00,3
2026-03-30,13,105.01848750909426,94.27643113357844,139.91491422875154,5,True,True,55.94978332519531,2026-03-30 11:00:00+00:00,3
2026-03-30,14,111.19498715643992,88.00602869700728,164.15447971724933,5,True,True,88.1758041381836,2026-03-30 12:00:00+00:00,3
2026-03-30,15,136.97294063363842,117.72365691231913,153.47210647594164,5,True,True,119.46398162841797,2026-03-30 13:00:00+00:00,3
2026-03-30,16,152.2721336310716,136.74276262520252,166.89429578769355,5,True,True,137.36195373535156,2026-03-30 14:00:00+00:00,3
2026-03-30,17,169.12912960863417,145.562663540566,216.62510415386612,5,True,True,146.95872497558594,2026-03-30 15:00:00+00:00,3
2026-03-30,18,167.1524665033872,161.58007051179047,206.04970113528205,5,True,True,148.4508819580078,2026-03-30 16:00:00+00:00,3
2026-03-30,19,167.34705403943119,160.46056133498823,236.24542967860955,5,True,True,143.69522094726562,2026-03-30 17:00:00+00:00,3
2026-03-30,20,145.74885673743668,138.6280396124827,168.9244898068175,5,True,True,139.8080596923828,2026-03-30 18:00:00+00:00,3
2026-03-30,21,138.82703017867,130.34078770510416,159.6425207667765,5,True,True,135.75872802734375,2026-03-30 19:00:00+00:00,3
2026-03-30,22,137.70180258880615,137.38508929208868,184.75557500506565,5,True,True,132.80328369140625,2026-03-30 20:00:00+00:00,3
2026-03-30,23,135.07036426199136,126.78687474730135,166.67993034796015,5,True,True,131.5816192626953,2026-03-30 21:00:00+00:00,3
2026-03-31,0,139.8380185322332,125.1353164647716,163.42593629772264,5,True,True,130.23065185546875,2026-03-30 22:00:00+00:00,4
2026-03-31,1,142.86900036267005,151.26706614467017,192.77052991439913,5,True,True,129.04156494140625,2026-03-30 23:00:00+00:00,4
2026-03-31,2,139.67669060526973,114.91628277413118,149.96460100305677,5,True,True,130.17523193359375,2026-03-31 00:00:00+00:00,4
2026-03-31,3,141.12756584816097,125.94877195746186,154.5914552375652,5,True,True,132.71034240722656,2026-03-31 01:00:00+00:00,4
2026-03-31,4,139.14504332982935,117.10598201453621,167.82328210843156,5,True,True,138.73399353027344,2026-03-31 02:00:00+00:00,4
2026-03-31,5,147.54070073227743,142.01946541746088,188.76982834410126,5,True,True,145.93527221679688,2026-03-31 03:00:00+00:00,4
2026-03-31,6,156.45079408174607,153.58857119666536,218.4325678997317,5,True,True,149.94070434570312,2026-03-31 04:00:00+00:00,4
2026-03-31,7,168.25586327908923,145.57719980691806,185.87268805477677,5,True,True,144.9927978515625,2026-03-31 05:00:00+00:00,4
2026-03-31,8,160.46380243355608,157.8926174206411,214.00453352932732,5,True,True,138.957763671875,2026-03-31 06:00:00+00:00,4
2026-03-31,9,146.98555304432642,127.93005747250184,155.1549060651167,5,True,True,132.03787231445312,2026-03-31 07:00:00+00:00,4
2026-03-31,10,140.74963971525213,109.4533806610299,151.59233952082502,5,True,True,124.68867492675781,2026-03-31 08:00:00+00:00,4
2026-03-31,11,125.29377767064747,108.36314559133172,149.0113908646079,5,True,True,116.40108489990234,2026-03-31 09:00:00+00:00,4
2026-03-31,12,118.61881887508261,75.81884827147462,132.68882355664903,5,True,True,119.04103088378906,2026-03-31 10:00:00+00:00,4
2026-03-31,13,120.0842271725792,95.3599325405675,134.40064234823984,5,True,True,124.51318359375,2026-03-31 11:00:00+00:00,4
2026-03-31,14,122.92933093284181,71.68934947463913,142.96339799698978,5,True,True,130.9067840576172,2026-03-31 12:00:00+00:00,4
2026-03-31,15,139.4544037555785,108.32534973369594,148.22559890243463,5,True,True,138.57843017578125,2026-03-31 13:00:00+00:00,4
2026-03-31,16,155.14407989099303,131.97735032294608,163.62558073998147,5,True,True,147.41949462890625,2026-03-31 14:00:00+00:00,4
2026-03-31,17,169.5442862663259,145.55580643773558,226.99115789600464,5,True,True,155.79653930664062,2026-03-31 15:00:00+00:00,4
2026-03-31,18,170.6298758096104,156.51821323478475,206.27287277272376,5,True,True,156.71463012695312,2026-03-31 16:00:00+00:00,4
2026-03-31,19,170.41781163365343,165.2518070538873,271.7704128855519,5,True,True,149.50982666015625,2026-03-31 17:00:00+00:00,4
2026-03-31,20,146.4923693191932,139.49676204876238,175.04126197325235,5,True,True,143.71881103515625,2026-03-31 18:00:00+00:00,4
2026-03-31,21,142.60511075456185,127.59493064537537,161.85898062417385,5,True,True,139.8151092529297,2026-03-31 19:00:00+00:00,4
2026-03-31,22,140.14687220615644,131.3093931255346,178.76340906434143,5,True,True,135.68423461914062,2026-03-31 20:00:00+00:00,4
2026-03-31,23,137.22557849473333,122.91899349560335,153.90329501341557,5,True,True,134.35955810546875,2026-03-31 21:00:00+00:00,4
2026-04-01,0,137.888474110311,129.76225048350108,156.36017796292816,5,True,True,131.41610717773438,2026-03-31 22:00:00+00:00,5
2026-04-01,1,139.80879348419438,141.47170669811393,171.30851246924064,5,True,True,130.18084716796875,2026-03-31 23:00:00+00:00,5
2026-04-01,2,139.2804917815207,124.88383576448379,138.74723701225096,5,True,True,129.9447479248047,2026-04-01 00:00:00+00:00,5
2026-04-01,3,137.93408120814019,125.41684308375943,145.7168088746397,5,True,True,131.441162109375,2026-04-01 01:00:00+00:00,5
2026-04-01,4,137.81303409404785,124.69068989737715,154.42781332342636,5,True,True,137.19383239746094,2026-04-01 02:00:00+00:00,5
2026-04-01,5,147.0539059545011,144.44002361000364,180.87836966456612,5,True,True,146.12240600585938,2026-04-01 03:00:00+00:00,5
2026-04-01,6,162.10901503737733,160.92649351027842,231.3461415916899,5,True,True,151.094970703125,2026-04-01 04:00:00+00:00,5
2026-04-01,7,178.60848546833432,144.99197302234697,199.31470079265287,5,True,True,146.27828979492188,2026-04-01 05:00:00+00:00,5
2026-04-01,8,164.5663533490801,155.96903785722944,201.18733700391292,5,True,True,139.90957641601562,2026-04-01 06:00:00+00:00,5
2026-04-01,9,149.16997989321152,129.88125383353454,159.01503759554802,5,True,True,132.14012145996094,2026-04-01 07:00:00+00:00,5
2026-04-01,10,145.5010305916967,114.65175137995277,151.17167507696206,5,True,True,124.1529541015625,2026-04-01 08:00:00+00:00,5
2026-04-01,11,131.03749950032645,111.03282612605065,151.70913057192806,5,True,True,115.63603210449219,2026-04-01 09:00:00+00:00,5
2026-04-01,12,121.13087210723992,83.92990332723136,134.42023452040394,5,True,True,117.31704711914062,2026-04-01 10:00:00+00:00,5
2026-04-01,13,123.15220421220774,106.0769916598362,137.15662638229247,5,True,True,123.16718292236328,2026-04-01 11:00:00+00:00,5
2026-04-01,14,121.10408226937639,79.25192569145938,150.15925622461336,5,True,True,129.8740234375,2026-04-01 12:00:00+00:00,5
2026-04-01,15,142.56712549829913,110.36648630490065,153.24064720333598,5,True,True,137.03260803222656,2026-04-01 13:00:00+00:00,5
2026-04-01,16,155.4139367242915,131.28668941373738,165.15738253801968,5,True,True,146.08889770507812,2026-04-01 14:00:00+00:00,5
2026-04-01,17,171.88851607790428,143.13757248908973,209.93073572955848,5,True,True,155.70535278320312,2026-04-01 15:00:00+00:00,5
2026-04-01,18,176.1641665852853,159.3825042716643,205.8369991624375,5,True,True,156.6381072998047,2026-04-01 16:00:00+00:00,5
2026-04-01,19,181.10842924402363,169.34577088672916,319.45161489522445,5,True,True,148.7147674560547,2026-04-01 17:00:00+00:00,5
2026-04-01,20,149.30579862307454,142.66709105439784,186.30843562051845,5,True,True,142.65432739257812,2026-04-01 18:00:00+00:00,5
2026-04-01,21,142.995893776181,131.7942669455863,163.53929465925353,5,True,True,137.4058380126953,2026-04-01 19:00:00+00:00,5
2026-04-01,22,139.48791971290674,138.00859327770974,184.94695428125732,5,True,True,133.355224609375,2026-04-01 20:00:00+00:00,5
2026-04-01,23,139.95684013133967,132.11399750881233,164.002074658718,5,True,True,131.49514770507812,2026-04-01 21:00:00+00:00,5
2026-04-02,0,132.05696189584438,118.77956576174182,139.16948912076214,5,True,True,129.4947967529297,2026-04-01 22:00:00+00:00,6
2026-04-02,1,135.25621347696344,146.21594025066443,173.4947564278933,5,True,True,127.37106323242188,2026-04-01 23:00:00+00:00,6
2026-04-02,2,133.19774947173062,113.1216986241636,137.46111132536774,5,True,True,127.20884704589844,2026-04-02 00:00:00+00:00,6
2026-04-02,3,132.57608939202646,113.91755695539156,135.94268957451794,5,True,True,128.40948486328125,2026-04-02 01:00:00+00:00,6
2026-04-02,4,133.323949090568,121.94683032786287,148.12343934108088,5,True,True,134.77938842773438,2026-04-02 02:00:00+00:00,6
2026-04-02,5,140.79049279910282,131.9323647833144,166.39429112432285,5,True,True,143.79100036621094,2026-04-02 03:00:00+00:00,6
2026-04-02,6,150.09655497422645,142.11639272198872,198.63413330311417,5,True,True,148.8526611328125,2026-04-02 04:00:00+00:00,6
2026-04-02,7,160.8876367408119,120.3009443455636,173.4577348185037,5,True,True,143.91114807128906,2026-04-02 05:00:00+00:00,6
2026-04-02,8,149.90181445728692,126.04405501874882,186.90169738539086,5,True,True,135.35885620117188,2026-04-02 06:00:00+00:00,6
2026-04-02,9,143.2849862314033,116.4134042872376,152.2970508557147,5,True,True,127.95082092285156,2026-04-02 07:00:00+00:00,6
2026-04-02,10,143.01548212420823,111.29535811316458,150.9546508315771,5,True,True,120.81044006347656,2026-04-02 08:00:00+00:00,6
2026-04-02,11,128.90376948505966,119.00421972870426,149.20387965108068,5,True,True,111.05964660644531,2026-04-02 09:00:00+00:00,6
2026-04-02,12,116.91378610504621,77.82462709191367,139.41637039275759,5,True,True,114.38357543945312,2026-04-02 10:00:00+00:00,6
2026-04-02,13,120.33617767182199,113.27266807994336,139.38547129281935,5,True,True,120.07286071777344,2026-04-02 11:00:00+00:00,6
2026-04-02,14,115.39222868530193,95.41469440211353,162.53588110444633,5,True,True,127.40011596679688,2026-04-02 12:00:00+00:00,6
2026-04-02,15,132.8171229282213,104.80085281232064,146.3921107918027,5,True,True,135.74822998046875,2026-04-02 13:00:00+00:00,6
2026-04-02,16,144.88139565322166,119.74614053715638,152.38882217504184,5,True,True,145.1896514892578,2026-04-02 14:00:00+00:00,6
2026-04-02,17,156.6329396491752,127.40852336115462,196.62595867070291,5,True,True,153.6060791015625,2026-04-02 15:00:00+00:00,6
2026-04-02,18,154.17455824334337,132.36109591431295,167.90274616304788,5,True,True,155.04061889648438,2026-04-02 16:00:00+00:00,6
2026-04-02,19,160.6988459055468,137.84126562517986,220.003654441683,5,True,True,147.65829467773438,2026-04-02 17:00:00+00:00,6
2026-04-02,20,143.91733161316662,134.55012131980595,157.61460624904396,5,True,True,141.82423400878906,2026-04-02 18:00:00+00:00,6
2026-04-02,21,138.089509242441,121.99728959746048,155.82062568828744,5,True,True,137.5625457763672,2026-04-02 19:00:00+00:00,6
2026-04-02,22,138.07615961943822,135.28484242770077,192.0739181734932,5,True,True,133.0139923095703,2026-04-02 20:00:00+00:00,6
2026-04-02,23,134.65368483046262,126.29952839190658,165.22745773757248,5,True,True,131.5465087890625,2026-04-02 21:00:00+00:00,6
2026-04-03,0,128.3244254740161,119.03205788141932,135.34377767475482,5,True,True,129.9507598876953,2026-04-02 22:00:00+00:00,7
2026-04-03,1,131.7605902210028,148.2692353970942,167.58910490567283,5,True,True,128.0583038330078,2026-04-02 23:00:00+00:00,7
2026-04-03,2,127.1938793150334,116.02959065814396,132.88954597501927,5,True,True,127.687744140625,2026-04-03 00:00:00+00:00,7
2026-04-03,3,128.07210012888768,111.77959411095965,131.4093023138764,5,True,True,129.4684295654297,2026-04-03 01:00:00+00:00,7
2026-04-03,4,126.38647178263697,120.736148353721,142.40559909926836,5,True,True,135.0372314453125,2026-04-03 02:00:00+00:00,7
2026-04-03,5,133.7272842756747,126.27159787293881,160.66852726565594,5,True,True,144.09519958496094,2026-04-03 03:00:00+00:00,7
2026-04-03,6,139.76778236437275,136.4140551176617,174.77924644508892,5,True,True,148.3843536376953,2026-04-03 04:00:00+00:00,7
2026-04-03,7,143.99540437532835,112.02842074158215,151.37341665983755,5,True,True,142.7615966796875,2026-04-03 05:00:00+00:00,7
2026-04-03,8,134.14867990969367,105.28404247917618,161.58007949022343,5,True,True,136.2954864501953,2026-04-03 06:00:00+00:00,7
2026-04-03,9,133.5481188761901,105.28610890939083,135.13683830530547,5,True,True,127.64225006103516,2026-04-03 07:00:00+00:00,7
2026-04-03,10,132.50505522120847,118.66105740870398,140.61798164898454,5,True,True,119.44694519042969,2026-04-03 08:00:00+00:00,7
2026-04-03,11,121.16530010543563,140.51100364253716,142.17592739966938,5,True,True,111.0108642578125,2026-04-03 09:00:00+00:00,7
2026-04-03,12,105.0555993660206,100.36697616720731,131.30007954341372,5,True,True,112.56976318359375,2026-04-03 10:00:00+00:00,7
2026-04-03,13,110.53020673275704,133.47058481524903,130.19624143128453,5,True,True,119.16231536865234,2026-04-03 11:00:00+00:00,7
2026-04-03,14,102.90856747017654,115.41248301403162,158.97351741457283,5,True,True,126.37605285644531,2026-04-03 12:00:00+00:00,7
2026-04-03,15,119.6779034602925,109.49947977131347,118.63806630694924,5,True,True,134.6243133544922,2026-04-03 13:00:00+00:00,7
2026-04-03,16,134.07639848438728,107.04961040186146,137.60397094146595,5,True,True,143.08416748046875,2026-04-03 14:00:00+00:00,7
2026-04-03,17,148.50745594892234,114.59990958342169,174.25835335171266,5,True,True,152.45706176757812,2026-04-03 15:00:00+00:00,7
2026-04-03,18,146.6286274322793,132.51974629954216,153.43380876200567,5,True,True,153.47366333007812,2026-04-03 16:00:00+00:00,7
2026-04-03,19,146.4361789861792,129.80038793287088,179.76394525687158,5,True,True,146.57467651367188,2026-04-03 17:00:00+00:00,7
2026-04-03,20,134.58754281778832,127.82315878915358,146.99552684419734,5,True,True,140.30648803710938,2026-04-03 18:00:00+00:00,7
2026-04-03,21,130.18365075904543,120.56089860201094,145.05242909234647,5,True,True,134.60116577148438,2026-04-03 19:00:00+00:00,7
2026-04-03,22,131.05860527728782,126.92791534672686,176.83092502993736,5,True,True,130.5239715576172,2026-04-03 20:00:00+00:00,7
2026-04-03,23,127.2491340674569,118.893667541588,150.2314483159974,5,True,True,129.65451049804688,2026-04-03 21:00:00+00:00,7
2026-04-04,0,133.3850639716703,126.9087530377254,144.82465085076186,5,True,True,128.40176391601562,2026-04-03 22:00:00+00:00,8
2026-04-04,1,136.14497010873887,150.62974718819336,167.4364762433622,5,True,True,126.75070190429688,2026-04-03 23:00:00+00:00,8
2026-04-04,2,132.81056587965895,120.81304839627607,134.85561304167885,5,True,True,126.36796569824219,2026-04-04 00:00:00+00:00,8
2026-04-04,3,132.0057203702222,114.24775985748738,138.84319065567263,5,True,True,128.03762817382812,2026-04-04 01:00:00+00:00,8
2026-04-04,4,127.45175428764608,115.44283361457975,144.8666206872582,5,True,True,133.6401824951172,2026-04-04 02:00:00+00:00,8
2026-04-04,5,135.57292917764244,124.97101767257597,159.37268684307415,5,True,True,141.89039611816406,2026-04-04 03:00:00+00:00,8
2026-04-04,6,138.00775226378778,126.67294030392199,162.5881870067777,5,True,True,146.96148681640625,2026-04-04 04:00:00+00:00,8
2026-04-04,7,137.64422329173885,107.49149443454282,135.10745785329104,5,True,True,141.75025939941406,2026-04-04 05:00:00+00:00,8
2026-04-04,8,134.9332141904705,112.24115584458087,148.61496360193166,5,True,True,133.81394958496094,2026-04-04 06:00:00+00:00,8
2026-04-04,9,132.71484698628691,101.10105092471514,139.44151613698224,5,True,True,126.05327606201172,2026-04-04 07:00:00+00:00,8
2026-04-04,10,122.76780328347324,81.2943684055953,140.54305584641196,5,True,True,117.912109375,2026-04-04 08:00:00+00:00,8
2026-04-04,11,108.45303648140887,73.6874536763388,140.15202148718106,5,True,True,107.1312255859375,2026-04-04 09:00:00+00:00,8
2026-04-04,12,95.41456009185553,38.50495821943134,139.76818540470316,5,True,True,109.47393798828125,2026-04-04 10:00:00+00:00,8
2026-04-04,13,94.57694024625178,69.2657520729168,122.31655843992152,5,True,True,116.704345703125,2026-04-04 11:00:00+00:00,8
2026-04-04,14,94.04676323021931,63.99217208432725,156.32733606065204,5,True,True,124.91559600830078,2026-04-04 12:00:00+00:00,8
2026-04-04,15,120.23655109084893,92.92702174687028,131.5306431170811,5,True,True,134.3464813232422,2026-04-04 13:00:00+00:00,8
2026-04-04,16,134.9048378136253,108.94168063945821,142.7792935920505,5,True,True,144.292724609375,2026-04-04 14:00:00+00:00,8
2026-04-04,17,146.41419804287887,115.04314926009013,198.952128191421,5,True,True,152.64691162109375,2026-04-04 15:00:00+00:00,8
2026-04-04,18,143.9469693065023,128.0992732048191,163.8099688566055,5,True,True,153.991943359375,2026-04-04 16:00:00+00:00,8
2026-04-04,19,146.63316743901896,129.67680511852058,184.57968267832018,5,True,True,147.3196258544922,2026-04-04 17:00:00+00:00,8
2026-04-04,20,132.84946528141603,127.36375901115895,146.19802796101965,5,True,True,141.37734985351562,2026-04-04 18:00:00+00:00,8
2026-04-04,21,129.97975462257799,117.34136293009423,138.35694956368258,5,True,True,137.12307739257812,2026-04-04 19:00:00+00:00,8
2026-04-04,22,128.24355125683675,120.0419165248813,159.50537143104015,5,True,True,132.67892456054688,2026-04-04 20:00:00+00:00,8
2026-04-04,23,122.37919033375591,111.15249413105511,139.11775209823685,5,True,True,131.21653747558594,2026-04-04 21:00:00+00:00,8
2026-04-05,0,131.61017012456887,121.40311037705247,144.81156253300918,5,True,True,131.6200714111328,2026-04-04 22:00:00+00:00,9
2026-04-05,1,132.15761691207908,134.94410531190047,159.93077365824044,5,True,True,129.3992919921875,2026-04-04 23:00:00+00:00,9
2026-04-05,2,130.60165746722708,116.36316932388468,135.32698270534698,5,True,True,128.30882263183594,2026-04-05 00:00:00+00:00,9
2026-04-05,3,129.7543782023933,113.23588714902318,138.50645687200458,5,True,True,129.355712890625,2026-04-05 01:00:00+00:00,9
2026-04-05,4,126.08121334999389,112.18932131610163,142.63639335756199,5,True,True,133.80653381347656,2026-04-05 02:00:00+00:00,9
2026-04-05,5,131.98402498627883,125.04204104244903,151.12320578137266,5,True,True,136.81573486328125,2026-04-05 03:00:00+00:00,9
2026-04-05,6,135.3309390169369,129.8522470051536,167.9596782195152,5,True,True,135.93638610839844,2026-04-05 04:00:00+00:00,9
2026-04-05,7,136.94821099254068,117.9845830455203,135.86720662268124,5,True,True,129.01339721679688,2026-04-05 05:00:00+00:00,9
2026-04-05,8,131.726413433785,115.53658163538316,142.58952615118213,5,True,True,115.12923431396484,2026-04-05 06:00:00+00:00,9
2026-04-05,9,122.03881302195684,102.39692153438989,136.44384818615285,5,True,True,89.67373657226562,2026-04-05 07:00:00+00:00,9
2026-04-05,10,108.09606820623065,92.25678476926437,135.9521003453163,5,True,True,51.218326568603516,2026-04-05 08:00:00+00:00,9
2026-04-05,11,90.2536930652627,76.37050428505542,135.5723177802847,5,True,True,29.736526489257812,2026-04-05 09:00:00+00:00,9
2026-04-05,12,76.56000653782044,57.75318147619956,129.8257190098267,5,True,True,23.684814453125,2026-04-05 10:00:00+00:00,9
2026-04-05,13,79.49355600265483,88.00505898488893,118.86999381330853,5,True,True,46.618896484375,2026-04-05 11:00:00+00:00,9
2026-04-05,14,86.87470173541469,79.26528150299316,147.0616573209046,5,True,True,87.609375,2026-04-05 12:00:00+00:00,9
2026-04-05,15,113.0472410384339,94.91439475581313,122.17228872503154,5,True,True,118.61723327636719,2026-04-05 13:00:00+00:00,9
2026-04-05,16,133.77073847455668,109.0707237643654,142.99973450558153,5,True,True,138.34329223632812,2026-04-05 14:00:00+00:00,9
2026-04-05,17,144.82236587144487,114.49852801805241,204.6906105447237,5,True,True,147.34259033203125,2026-04-05 15:00:00+00:00,9
2026-04-05,18,146.5089561074825,130.63528011442565,175.73905550662033,5,True,True,146.7523651123047,2026-04-05 16:00:00+00:00,9
2026-04-05,19,146.80388966868964,130.17942358270358,201.13892511344096,5,True,True,141.44747924804688,2026-04-05 17:00:00+00:00,9
2026-04-05,20,133.0075245868965,129.06626535183392,149.69011229889173,5,True,True,137.77615356445312,2026-04-05 18:00:00+00:00,9
2026-04-05,21,129.7467545047774,116.79390565125402,142.47134967039938,5,True,True,134.2500762939453,2026-04-05 19:00:00+00:00,9
2026-04-05,22,127.63750095012294,119.13175274092306,170.5632159370772,5,True,True,131.38714599609375,2026-04-05 20:00:00+00:00,9
2026-04-05,23,120.51056522418398,109.85487204156284,140.00254367869243,5,True,True,131.01495361328125,2026-04-05 21:00:00+00:00,9
2026-04-06,0,124.53298022182123,122.38111761684169,142.32861433799448,5,True,True,129.56210327148438,2026-04-05 22:00:00+00:00,10
2026-04-06,1,129.12549170641725,146.2234210098248,162.5095714756141,5,True,True,128.08941650390625,2026-04-05 23:00:00+00:00,10
2026-04-06,2,126.14282429173453,121.39465226885645,129.708539863533,5,True,True,126.5914077758789,2026-04-06 00:00:00+00:00,10
2026-04-06,3,124.06913067906731,113.81483781970141,134.88550814332044,5,True,True,126.53826904296875,2026-04-06 01:00:00+00:00,10
2026-04-06,4,119.52899022556223,116.82012382584699,139.96093324511324,5,True,True,126.44426727294922,2026-04-06 02:00:00+00:00,10
2026-04-06,5,130.99657868751078,138.34117475008253,177.4915928593523,5,True,True,126.51426696777344,2026-04-06 03:00:00+00:00,10
2026-04-06,6,145.60539549920247,153.8002378333223,223.8666065042287,5,True,True,123.0025405883789,2026-04-06 04:00:00+00:00,10
2026-04-06,7,151.895325523282,140.54940637865013,166.29356615811002,5,True,True,114.35840606689453,2026-04-06 05:00:00+00:00,10
2026-04-06,8,142.279663048409,137.00000652562653,166.10911570199505,5,True,True,105.0485610961914,2026-04-06 06:00:00+00:00,10
2026-04-06,9,131.77902484009508,120.59650106322071,151.5628278123773,5,True,True,85.38214111328125,2026-04-06 07:00:00+00:00,10
2026-04-06,10,122.77134495481515,132.18112333569923,144.96244785267976,5,True,True,58.83184814453125,2026-04-06 08:00:00+00:00,10
2026-04-06,11,109.7252889070639,129.26421948647388,149.76105732346323,5,True,True,40.074562072753906,2026-04-06 09:00:00+00:00,10
2026-04-06,12,97.40001153353789,101.2877946927216,130.93788702410586,5,True,True,29.82781982421875,2026-04-06 10:00:00+00:00,10
2026-04-06,13,96.76967552270195,132.22464376003313,131.6768456968415,5,True,True,44.67220687866211,2026-04-06 11:00:00+00:00,10
2026-04-06,14,102.78752386712132,110.26275315583746,156.71073779002978,5,True,True,73.51025390625,2026-04-06 12:00:00+00:00,10
2026-04-06,15,125.65927807648575,115.62218132505036,140.93884580950893,5,True,True,112.05884552001953,2026-04-06 13:00:00+00:00,10
2026-04-06,16,143.19559841204054,119.30476676298456,156.04104616264613,5,True,True,134.42251586914062,2026-04-06 14:00:00+00:00,10
2026-04-06,17,156.96563612382235,125.21883525289705,196.57498590709986,5,True,True,147.04360961914062,2026-04-06 15:00:00+00:00,10
2026-04-06,18,167.88574694185928,163.45056050821526,202.95069365130112,5,True,True,146.6048583984375,2026-04-06 16:00:00+00:00,10
2026-04-06,19,160.11196655003712,149.50030879617822,232.64046421547033,5,True,True,142.7421875,2026-04-06 17:00:00+00:00,10
2026-04-06,20,136.13672679820132,137.99716929840446,161.41667358302783,5,True,True,137.226318359375,2026-04-06 18:00:00+00:00,10
2026-04-06,21,131.1233672022227,127.61744014164546,156.11752868367134,5,True,True,132.74061584472656,2026-04-06 19:00:00+00:00,10
2026-04-06,22,130.62866149610375,133.19329506512736,189.67228486601175,5,True,True,129.63539123535156,2026-04-06 20:00:00+00:00,10
2026-04-06,23,123.59170829352067,119.94804108095714,152.4876993205563,5,True,True,126.88714599609375,2026-04-06 21:00:00+00:00,10
